[
{
  "model": "auth.permission",
  "pk": 1,
  "fields": {
    "name": "Can add log entry",
    "content_type": 1,
    "codename": "add_logentry"
  }
},
{
  "model": "auth.permission",
  "pk": 2,
  "fields": {
    "name": "Can change log entry",
    "content_type": 1,
    "codename": "change_logentry"
  }
},
{
  "model": "auth.permission",
  "pk": 3,
  "fields": {
    "name": "Can delete log entry",
    "content_type": 1,
    "codename": "delete_logentry"
  }
},
{
  "model": "auth.permission",
  "pk": 4,
  "fields": {
    "name": "Can view log entry",
    "content_type": 1,
    "codename": "view_logentry"
  }
},
{
  "model": "auth.permission",
  "pk": 5,
  "fields": {
    "name": "Can add permission",
    "content_type": 2,
    "codename": "add_permission"
  }
},
{
  "model": "auth.permission",
  "pk": 6,
  "fields": {
    "name": "Can change permission",
    "content_type": 2,
    "codename": "change_permission"
  }
},
{
  "model": "auth.permission",
  "pk": 7,
  "fields": {
    "name": "Can delete permission",
    "content_type": 2,
    "codename": "delete_permission"
  }
},
{
  "model": "auth.permission",
  "pk": 8,
  "fields": {
    "name": "Can view permission",
    "content_type": 2,
    "codename": "view_permission"
  }
},
{
  "model": "auth.permission",
  "pk": 9,
  "fields": {
    "name": "Can add group",
    "content_type": 3,
    "codename": "add_group"
  }
},
{
  "model": "auth.permission",
  "pk": 10,
  "fields": {
    "name": "Can change group",
    "content_type": 3,
    "codename": "change_group"
  }
},
{
  "model": "auth.permission",
  "pk": 11,
  "fields": {
    "name": "Can delete group",
    "content_type": 3,
    "codename": "delete_group"
  }
},
{
  "model": "auth.permission",
  "pk": 12,
  "fields": {
    "name": "Can view group",
    "content_type": 3,
    "codename": "view_group"
  }
},
{
  "model": "auth.permission",
  "pk": 13,
  "fields": {
    "name": "Can add content type",
    "content_type": 4,
    "codename": "add_contenttype"
  }
},
{
  "model": "auth.permission",
  "pk": 14,
  "fields": {
    "name": "Can change content type",
    "content_type": 4,
    "codename": "change_contenttype"
  }
},
{
  "model": "auth.permission",
  "pk": 15,
  "fields": {
    "name": "Can delete content type",
    "content_type": 4,
    "codename": "delete_contenttype"
  }
},
{
  "model": "auth.permission",
  "pk": 16,
  "fields": {
    "name": "Can view content type",
    "content_type": 4,
    "codename": "view_contenttype"
  }
},
{
  "model": "auth.permission",
  "pk": 17,
  "fields": {
    "name": "Can add session",
    "content_type": 5,
    "codename": "add_session"
  }
},
{
  "model": "auth.permission",
  "pk": 18,
  "fields": {
    "name": "Can change session",
    "content_type": 5,
    "codename": "change_session"
  }
},
{
  "model": "auth.permission",
  "pk": 19,
  "fields": {
    "name": "Can delete session",
    "content_type": 5,
    "codename": "delete_session"
  }
},
{
  "model": "auth.permission",
  "pk": 20,
  "fields": {
    "name": "Can view session",
    "content_type": 5,
    "codename": "view_session"
  }
},
{
  "model": "auth.permission",
  "pk": 21,
  "fields": {
    "name": "Can add site",
    "content_type": 6,
    "codename": "add_site"
  }
},
{
  "model": "auth.permission",
  "pk": 22,
  "fields": {
    "name": "Can change site",
    "content_type": 6,
    "codename": "change_site"
  }
},
{
  "model": "auth.permission",
  "pk": 23,
  "fields": {
    "name": "Can delete site",
    "content_type": 6,
    "codename": "delete_site"
  }
},
{
  "model": "auth.permission",
  "pk": 24,
  "fields": {
    "name": "Can view site",
    "content_type": 6,
    "codename": "view_site"
  }
},
{
  "model": "auth.permission",
  "pk": 25,
  "fields": {
    "name": "Can add blacklisted token",
    "content_type": 7,
    "codename": "add_blacklistedtoken"
  }
},
{
  "model": "auth.permission",
  "pk": 26,
  "fields": {
    "name": "Can change blacklisted token",
    "content_type": 7,
    "codename": "change_blacklistedtoken"
  }
},
{
  "model": "auth.permission",
  "pk": 27,
  "fields": {
    "name": "Can delete blacklisted token",
    "content_type": 7,
    "codename": "delete_blacklistedtoken"
  }
},
{
  "model": "auth.permission",
  "pk": 28,
  "fields": {
    "name": "Can view blacklisted token",
    "content_type": 7,
    "codename": "view_blacklistedtoken"
  }
},
{
  "model": "auth.permission",
  "pk": 29,
  "fields": {
    "name": "Can add outstanding token",
    "content_type": 8,
    "codename": "add_outstandingtoken"
  }
},
{
  "model": "auth.permission",
  "pk": 30,
  "fields": {
    "name": "Can change outstanding token",
    "content_type": 8,
    "codename": "change_outstandingtoken"
  }
},
{
  "model": "auth.permission",
  "pk": 31,
  "fields": {
    "name": "Can delete outstanding token",
    "content_type": 8,
    "codename": "delete_outstandingtoken"
  }
},
{
  "model": "auth.permission",
  "pk": 32,
  "fields": {
    "name": "Can view outstanding token",
    "content_type": 8,
    "codename": "view_outstandingtoken"
  }
},
{
  "model": "auth.permission",
  "pk": 33,
  "fields": {
    "name": "Can add address",
    "content_type": 9,
    "codename": "add_address"
  }
},
{
  "model": "auth.permission",
  "pk": 34,
  "fields": {
    "name": "Can change address",
    "content_type": 9,
    "codename": "change_address"
  }
},
{
  "model": "auth.permission",
  "pk": 35,
  "fields": {
    "name": "Can delete address",
    "content_type": 9,
    "codename": "delete_address"
  }
},
{
  "model": "auth.permission",
  "pk": 36,
  "fields": {
    "name": "Can view address",
    "content_type": 9,
    "codename": "view_address"
  }
},
{
  "model": "auth.permission",
  "pk": 37,
  "fields": {
    "name": "Can add user",
    "content_type": 10,
    "codename": "add_user"
  }
},
{
  "model": "auth.permission",
  "pk": 38,
  "fields": {
    "name": "Can change user",
    "content_type": 10,
    "codename": "change_user"
  }
},
{
  "model": "auth.permission",
  "pk": 39,
  "fields": {
    "name": "Can delete user",
    "content_type": 10,
    "codename": "delete_user"
  }
},
{
  "model": "auth.permission",
  "pk": 40,
  "fields": {
    "name": "Can view user",
    "content_type": 10,
    "codename": "view_user"
  }
},
{
  "model": "auth.permission",
  "pk": 41,
  "fields": {
    "name": "Can add buyer",
    "content_type": 11,
    "codename": "add_buyer"
  }
},
{
  "model": "auth.permission",
  "pk": 42,
  "fields": {
    "name": "Can change buyer",
    "content_type": 11,
    "codename": "change_buyer"
  }
},
{
  "model": "auth.permission",
  "pk": 43,
  "fields": {
    "name": "Can delete buyer",
    "content_type": 11,
    "codename": "delete_buyer"
  }
},
{
  "model": "auth.permission",
  "pk": 44,
  "fields": {
    "name": "Can view buyer",
    "content_type": 11,
    "codename": "view_buyer"
  }
},
{
  "model": "auth.permission",
  "pk": 45,
  "fields": {
    "name": "Can add customer address",
    "content_type": 12,
    "codename": "add_customeraddress"
  }
},
{
  "model": "auth.permission",
  "pk": 46,
  "fields": {
    "name": "Can change customer address",
    "content_type": 12,
    "codename": "change_customeraddress"
  }
},
{
  "model": "auth.permission",
  "pk": 47,
  "fields": {
    "name": "Can delete customer address",
    "content_type": 12,
    "codename": "delete_customeraddress"
  }
},
{
  "model": "auth.permission",
  "pk": 48,
  "fields": {
    "name": "Can view customer address",
    "content_type": 12,
    "codename": "view_customeraddress"
  }
},
{
  "model": "auth.permission",
  "pk": 49,
  "fields": {
    "name": "Can add sellers",
    "content_type": 13,
    "codename": "add_sellers"
  }
},
{
  "model": "auth.permission",
  "pk": 50,
  "fields": {
    "name": "Can change sellers",
    "content_type": 13,
    "codename": "change_sellers"
  }
},
{
  "model": "auth.permission",
  "pk": 51,
  "fields": {
    "name": "Can delete sellers",
    "content_type": 13,
    "codename": "delete_sellers"
  }
},
{
  "model": "auth.permission",
  "pk": 52,
  "fields": {
    "name": "Can view sellers",
    "content_type": 13,
    "codename": "view_sellers"
  }
},
{
  "model": "auth.permission",
  "pk": 53,
  "fields": {
    "name": "Can add brand",
    "content_type": 14,
    "codename": "add_brand"
  }
},
{
  "model": "auth.permission",
  "pk": 54,
  "fields": {
    "name": "Can change brand",
    "content_type": 14,
    "codename": "change_brand"
  }
},
{
  "model": "auth.permission",
  "pk": 55,
  "fields": {
    "name": "Can delete brand",
    "content_type": 14,
    "codename": "delete_brand"
  }
},
{
  "model": "auth.permission",
  "pk": 56,
  "fields": {
    "name": "Can view brand",
    "content_type": 14,
    "codename": "view_brand"
  }
},
{
  "model": "auth.permission",
  "pk": 57,
  "fields": {
    "name": "Can add colour",
    "content_type": 15,
    "codename": "add_colour"
  }
},
{
  "model": "auth.permission",
  "pk": 58,
  "fields": {
    "name": "Can change colour",
    "content_type": 15,
    "codename": "change_colour"
  }
},
{
  "model": "auth.permission",
  "pk": 59,
  "fields": {
    "name": "Can delete colour",
    "content_type": 15,
    "codename": "delete_colour"
  }
},
{
  "model": "auth.permission",
  "pk": 60,
  "fields": {
    "name": "Can view colour",
    "content_type": 15,
    "codename": "view_colour"
  }
},
{
  "model": "auth.permission",
  "pk": 61,
  "fields": {
    "name": "Can add category",
    "content_type": 16,
    "codename": "add_category"
  }
},
{
  "model": "auth.permission",
  "pk": 62,
  "fields": {
    "name": "Can change category",
    "content_type": 16,
    "codename": "change_category"
  }
},
{
  "model": "auth.permission",
  "pk": 63,
  "fields": {
    "name": "Can delete category",
    "content_type": 16,
    "codename": "delete_category"
  }
},
{
  "model": "auth.permission",
  "pk": 64,
  "fields": {
    "name": "Can view category",
    "content_type": 16,
    "codename": "view_category"
  }
},
{
  "model": "auth.permission",
  "pk": 65,
  "fields": {
    "name": "Can add product",
    "content_type": 17,
    "codename": "add_product"
  }
},
{
  "model": "auth.permission",
  "pk": 66,
  "fields": {
    "name": "Can change product",
    "content_type": 17,
    "codename": "change_product"
  }
},
{
  "model": "auth.permission",
  "pk": 67,
  "fields": {
    "name": "Can delete product",
    "content_type": 17,
    "codename": "delete_product"
  }
},
{
  "model": "auth.permission",
  "pk": 68,
  "fields": {
    "name": "Can view product",
    "content_type": 17,
    "codename": "view_product"
  }
},
{
  "model": "auth.permission",
  "pk": 69,
  "fields": {
    "name": "Can add product item",
    "content_type": 18,
    "codename": "add_productitem"
  }
},
{
  "model": "auth.permission",
  "pk": 70,
  "fields": {
    "name": "Can change product item",
    "content_type": 18,
    "codename": "change_productitem"
  }
},
{
  "model": "auth.permission",
  "pk": 71,
  "fields": {
    "name": "Can delete product item",
    "content_type": 18,
    "codename": "delete_productitem"
  }
},
{
  "model": "auth.permission",
  "pk": 72,
  "fields": {
    "name": "Can view product item",
    "content_type": 18,
    "codename": "view_productitem"
  }
},
{
  "model": "auth.permission",
  "pk": 73,
  "fields": {
    "name": "Can add image",
    "content_type": 19,
    "codename": "add_image"
  }
},
{
  "model": "auth.permission",
  "pk": 74,
  "fields": {
    "name": "Can change image",
    "content_type": 19,
    "codename": "change_image"
  }
},
{
  "model": "auth.permission",
  "pk": 75,
  "fields": {
    "name": "Can delete image",
    "content_type": 19,
    "codename": "delete_image"
  }
},
{
  "model": "auth.permission",
  "pk": 76,
  "fields": {
    "name": "Can view image",
    "content_type": 19,
    "codename": "view_image"
  }
},
{
  "model": "auth.permission",
  "pk": 77,
  "fields": {
    "name": "Can add product promotion category",
    "content_type": 20,
    "codename": "add_productpromotioncategory"
  }
},
{
  "model": "auth.permission",
  "pk": 78,
  "fields": {
    "name": "Can change product promotion category",
    "content_type": 20,
    "codename": "change_productpromotioncategory"
  }
},
{
  "model": "auth.permission",
  "pk": 79,
  "fields": {
    "name": "Can delete product promotion category",
    "content_type": 20,
    "codename": "delete_productpromotioncategory"
  }
},
{
  "model": "auth.permission",
  "pk": 80,
  "fields": {
    "name": "Can view product promotion category",
    "content_type": 20,
    "codename": "view_productpromotioncategory"
  }
},
{
  "model": "auth.permission",
  "pk": 81,
  "fields": {
    "name": "Can add promotion",
    "content_type": 21,
    "codename": "add_promotion"
  }
},
{
  "model": "auth.permission",
  "pk": 82,
  "fields": {
    "name": "Can change promotion",
    "content_type": 21,
    "codename": "change_promotion"
  }
},
{
  "model": "auth.permission",
  "pk": 83,
  "fields": {
    "name": "Can delete promotion",
    "content_type": 21,
    "codename": "delete_promotion"
  }
},
{
  "model": "auth.permission",
  "pk": 84,
  "fields": {
    "name": "Can view promotion",
    "content_type": 21,
    "codename": "view_promotion"
  }
},
{
  "model": "auth.permission",
  "pk": 85,
  "fields": {
    "name": "Can add size",
    "content_type": 22,
    "codename": "add_size"
  }
},
{
  "model": "auth.permission",
  "pk": 86,
  "fields": {
    "name": "Can change size",
    "content_type": 22,
    "codename": "change_size"
  }
},
{
  "model": "auth.permission",
  "pk": 87,
  "fields": {
    "name": "Can delete size",
    "content_type": 22,
    "codename": "delete_size"
  }
},
{
  "model": "auth.permission",
  "pk": 88,
  "fields": {
    "name": "Can view size",
    "content_type": 22,
    "codename": "view_size"
  }
},
{
  "model": "auth.permission",
  "pk": 89,
  "fields": {
    "name": "Can add product variation",
    "content_type": 23,
    "codename": "add_productvariation"
  }
},
{
  "model": "auth.permission",
  "pk": 90,
  "fields": {
    "name": "Can change product variation",
    "content_type": 23,
    "codename": "change_productvariation"
  }
},
{
  "model": "auth.permission",
  "pk": 91,
  "fields": {
    "name": "Can delete product variation",
    "content_type": 23,
    "codename": "delete_productvariation"
  }
},
{
  "model": "auth.permission",
  "pk": 92,
  "fields": {
    "name": "Can view product variation",
    "content_type": 23,
    "codename": "view_productvariation"
  }
},
{
  "model": "auth.permission",
  "pk": 93,
  "fields": {
    "name": "Can add review",
    "content_type": 24,
    "codename": "add_review"
  }
},
{
  "model": "auth.permission",
  "pk": 94,
  "fields": {
    "name": "Can change review",
    "content_type": 24,
    "codename": "change_review"
  }
},
{
  "model": "auth.permission",
  "pk": 95,
  "fields": {
    "name": "Can delete review",
    "content_type": 24,
    "codename": "delete_review"
  }
},
{
  "model": "auth.permission",
  "pk": 96,
  "fields": {
    "name": "Can view review",
    "content_type": 24,
    "codename": "view_review"
  }
},
{
  "model": "auth.permission",
  "pk": 97,
  "fields": {
    "name": "Can add rating",
    "content_type": 25,
    "codename": "add_rating"
  }
},
{
  "model": "auth.permission",
  "pk": 98,
  "fields": {
    "name": "Can change rating",
    "content_type": 25,
    "codename": "change_rating"
  }
},
{
  "model": "auth.permission",
  "pk": 99,
  "fields": {
    "name": "Can delete rating",
    "content_type": 25,
    "codename": "delete_rating"
  }
},
{
  "model": "auth.permission",
  "pk": 100,
  "fields": {
    "name": "Can view rating",
    "content_type": 25,
    "codename": "view_rating"
  }
},
{
  "model": "auth.permission",
  "pk": 101,
  "fields": {
    "name": "Can add wish list",
    "content_type": 26,
    "codename": "add_wishlist"
  }
},
{
  "model": "auth.permission",
  "pk": 102,
  "fields": {
    "name": "Can change wish list",
    "content_type": 26,
    "codename": "change_wishlist"
  }
},
{
  "model": "auth.permission",
  "pk": 103,
  "fields": {
    "name": "Can delete wish list",
    "content_type": 26,
    "codename": "delete_wishlist"
  }
},
{
  "model": "auth.permission",
  "pk": 104,
  "fields": {
    "name": "Can view wish list",
    "content_type": 26,
    "codename": "view_wishlist"
  }
},
{
  "model": "contenttypes.contenttype",
  "pk": 1,
  "fields": {
    "app_label": "admin",
    "model": "logentry"
  }
},
{
  "model": "contenttypes.contenttype",
  "pk": 2,
  "fields": {
    "app_label": "auth",
    "model": "permission"
  }
},
{
  "model": "contenttypes.contenttype",
  "pk": 3,
  "fields": {
    "app_label": "auth",
    "model": "group"
  }
},
{
  "model": "contenttypes.contenttype",
  "pk": 4,
  "fields": {
    "app_label": "contenttypes",
    "model": "contenttype"
  }
},
{
  "model": "contenttypes.contenttype",
  "pk": 5,
  "fields": {
    "app_label": "sessions",
    "model": "session"
  }
},
{
  "model": "contenttypes.contenttype",
  "pk": 6,
  "fields": {
    "app_label": "sites",
    "model": "site"
  }
},
{
  "model": "contenttypes.contenttype",
  "pk": 7,
  "fields": {
    "app_label": "token_blacklist",
    "model": "blacklistedtoken"
  }
},
{
  "model": "contenttypes.contenttype",
  "pk": 8,
  "fields": {
    "app_label": "token_blacklist",
    "model": "outstandingtoken"
  }
},
{
  "model": "contenttypes.contenttype",
  "pk": 9,
  "fields": {
    "app_label": "accounts",
    "model": "address"
  }
},
{
  "model": "contenttypes.contenttype",
  "pk": 10,
  "fields": {
    "app_label": "accounts",
    "model": "user"
  }
},
{
  "model": "contenttypes.contenttype",
  "pk": 11,
  "fields": {
    "app_label": "accounts",
    "model": "buyer"
  }
},
{
  "model": "contenttypes.contenttype",
  "pk": 12,
  "fields": {
    "app_label": "accounts",
    "model": "customeraddress"
  }
},
{
  "model": "contenttypes.contenttype",
  "pk": 13,
  "fields": {
    "app_label": "accounts",
    "model": "sellers"
  }
},
{
  "model": "contenttypes.contenttype",
  "pk": 14,
  "fields": {
    "app_label": "products",
    "model": "brand"
  }
},
{
  "model": "contenttypes.contenttype",
  "pk": 15,
  "fields": {
    "app_label": "products",
    "model": "colour"
  }
},
{
  "model": "contenttypes.contenttype",
  "pk": 16,
  "fields": {
    "app_label": "products",
    "model": "category"
  }
},
{
  "model": "contenttypes.contenttype",
  "pk": 17,
  "fields": {
    "app_label": "products",
    "model": "product"
  }
},
{
  "model": "contenttypes.contenttype",
  "pk": 18,
  "fields": {
    "app_label": "products",
    "model": "productitem"
  }
},
{
  "model": "contenttypes.contenttype",
  "pk": 19,
  "fields": {
    "app_label": "products",
    "model": "image"
  }
},
{
  "model": "contenttypes.contenttype",
  "pk": 20,
  "fields": {
    "app_label": "products",
    "model": "productpromotioncategory"
  }
},
{
  "model": "contenttypes.contenttype",
  "pk": 21,
  "fields": {
    "app_label": "products",
    "model": "promotion"
  }
},
{
  "model": "contenttypes.contenttype",
  "pk": 22,
  "fields": {
    "app_label": "products",
    "model": "size"
  }
},
{
  "model": "contenttypes.contenttype",
  "pk": 23,
  "fields": {
    "app_label": "products",
    "model": "productvariation"
  }
},
{
  "model": "contenttypes.contenttype",
  "pk": 24,
  "fields": {
    "app_label": "shop",
    "model": "review"
  }
},
{
  "model": "contenttypes.contenttype",
  "pk": 25,
  "fields": {
    "app_label": "shop",
    "model": "rating"
  }
},
{
  "model": "contenttypes.contenttype",
  "pk": 26,
  "fields": {
    "app_label": "shop",
    "model": "wishlist"
  }
},
{
  "model": "sites.site",
  "pk": 1,
  "fields": {
    "domain": "example.com",
    "name": "example.com"
  }
},
{
  "model": "token_blacklist.outstandingtoken",
  "pk": 1,
  "fields": {
    "user": 2,
    "jti": "2e593a880e8540968792078ed468936a",
    "token": "eyJhbGciOiJIUzI1NiIsInR5cCI6IkpXVCJ9.eyJ0b2tlbl90eXBlIjoicmVmcmVzaCIsImV4cCI6MTcyMzY1MzIyNywiaWF0IjoxNzE1ODc3MjI3LCJqdGkiOiIyZTU5M2E4ODBlODU0MDk2ODc5MjA3OGVkNDY4OTM2YSIsInVzZXJfaWQiOjJ9.AyVdlKa1P0oheGMKPLA3Mv9RM0tpgDn-zHgS2-v5BZU",
    "created_at": "2024-05-16T16:33:47.012Z",
    "expires_at": "2024-08-14T16:33:47Z"
  }
},
{
  "model": "token_blacklist.outstandingtoken",
  "pk": 2,
  "fields": {
    "user": 2,
    "jti": "c9018298bcd742aa98fed5034ce8966e",
    "token": "eyJhbGciOiJIUzI1NiIsInR5cCI6IkpXVCJ9.eyJ0b2tlbl90eXBlIjoicmVmcmVzaCIsImV4cCI6MTcyMzY1ODg3NSwiaWF0IjoxNzE1ODgyODc1LCJqdGkiOiJjOTAxODI5OGJjZDc0MmFhOThmZWQ1MDM0Y2U4OTY2ZSIsInVzZXJfaWQiOjJ9.THaxe3w7LnOhHOPctZriTVx4ATvajEu395hmoGTl1KY",
    "created_at": "2024-05-16T18:07:55.070Z",
    "expires_at": "2024-08-14T18:07:55Z"
  }
},
{
  "model": "accounts.user",
  "pk": 2,
  "fields": {
    "password": "bcrypt_sha256$$2b$12$iV0REAT1wVSW0okWU0HLbehktzB0KfmJt.DjhMqWvwXmZAWKXfL7W",
    "last_login": null,
    "first_name": "Michael",
    "email": "mikel@obi223.com",
    "last_name": "Obi",
    "created_at": "2024-05-16T16:32:56.306Z",
    "profile_pic": "",
    "updated_at": "2024-05-16T16:33:32.610Z",
    "superuser": false,
    "is_active": true,
    "is_seller": true,
    "staff": false,
    "groups": [],
    "user_permissions": []
  }
},
{
  "model": "accounts.user",
  "pk": 37,
  "fields": {
    "password": "bcrypt_sha256$$2b$12$/Qfr9ugs9g0yXA1JUPUMiuWmM39QKl67UKg.OJO.4ooyaXmLhCaSq",
    "last_login": null,
    "first_name": "John",
    "email": "kelanidarasimi9@gmail.com",
    "last_name": "Bull",
    "created_at": "2024-05-17T19:32:07.095Z",
    "profile_pic": "",
    "updated_at": "2024-05-17T19:32:07.152Z",
    "superuser": false,
    "is_active": false,
    "is_seller": false,
    "staff": false,
    "groups": [],
    "user_permissions": []
  }
},
{
  "model": "accounts.buyer",
  "pk": 36,
  "fields": {
    "buyer": 37
  }
},
{
  "model": "accounts.sellers",
  "pk": 1,
  "fields": {
    "phone_number": "09041563214",
    "seller": 2
  }
},
{
  "model": "products.brand",
  "pk": 1,
  "fields": {
    "name": "DOKOTOO KIDS"
  }
},
{
  "model": "products.brand",
  "pk": 2,
  "fields": {
    "name": "Haloumoning"
  }
},
{
  "model": "products.brand",
  "pk": 3,
  "fields": {
    "name": "GOBIGER"
  }
},
{
  "model": "products.brand",
  "pk": 4,
  "fields": {
    "name": "XiaoYouYu"
  }
},
{
  "model": "products.brand",
  "pk": 5,
  "fields": {
    "name": "WebDeals"
  }
},
{
  "model": "products.brand",
  "pk": 6,
  "fields": {
    "name": "Dokotoo"
  }
},
{
  "model": "products.brand",
  "pk": 7,
  "fields": {
    "name": "Tanming"
  }
},
{
  "model": "products.brand",
  "pk": 8,
  "fields": {
    "name": "Lamdo"
  }
},
{
  "model": "products.brand",
  "pk": 9,
  "fields": {
    "name": "Licemere"
  }
},
{
  "model": "products.brand",
  "pk": 10,
  "fields": {
    "name": "Tommy Hilfiger"
  }
},
{
  "model": "products.product",
  "pk": 7,
  "fields": {
    "title": "Girls Fashion Lace Short Sleeve Shirts Casual Button Crewneck Blouses Tops 6-15 Years",
    "has_variant": true,
    "description": "Introducing our charming Girls Fashion Lace Short Sleeve Shirts, perfect for young fashionistas aged 6-15 years. These casual button-up blouses feature delicate lace detailing, adding a touch of elegance to any outfit. Designed with a crewneck for comfort and style, these tops are versatile enough for both casual outings and special occasions. Made from high-quality, breathable fabric, they ensure all-day comfort and durability. Available in a range of delightful colors, these blouses are a must-have addition to your child's wardrobe, offering a blend of sophistication and ease for everyday wear",
    "slug_title": "Girls-Fashion-Lace-Short-Sleeve-Shirts-Casual-Button-Crewneck-Blouses-Tops-6-15-Years",
    "category": 14,
    "created_at": "2024-05-16T19:57:06.253Z",
    "updated_at": "2024-05-16T20:07:09.146Z",
    "is_active": true,
    "brand": 1,
    "seller": 1
  }
},
{
  "model": "products.product",
  "pk": 8,
  "fields": {
    "title": "Haloumoning Girls T Shirts Kids Summer Crewneck Ruffle Short Sleeve Tops Blouse Tees 7-14 Years",
    "has_variant": true,
    "description": "Upgrade your child's summer wardrobe with the delightful Haloumoning Girls T-Shirts. Perfect for girls aged 7 to 14, these tops combine playful design with everyday comfort, making them an ideal choice for any summer activity.",
    "slug_title": "Haloumoning-Girls-T-Shirts-Kids-Summer-Crewneck-Ruffle-Short-Sleeve-Tops-Blouse-Tees-7-14-Years",
    "category": 15,
    "created_at": "2024-05-16T20:12:20.935Z",
    "updated_at": "2024-05-16T20:19:21.884Z",
    "is_active": true,
    "brand": 2,
    "seller": 1
  }
},
{
  "model": "products.product",
  "pk": 9,
  "fields": {
    "title": "Aviator Sunglasses for Men 100% UV Protection Goggle Alloy Frame with Case",
    "has_variant": true,
    "description": "About Gobiger:  Gobiger loves the sunshine, fashion, and of course cool.  We design each of our sunglasses with comfort, high quality, and spirituality in mind to fit your lifestyle.  Our name was inspired by a word of Chinese ‘gou bi ger’. It means cool , graceful, individualized, handsome etc.  Details:  Frame:  -full frame -stainless steel: durable, cost-effective, environmental protection -square -comfortable metal nosepad Lens:  -Lens material:PC -REVO lens. Revo lenses are scratch and impact resistant and fooer perfect clarity of vision -UV400 PROTECTION: harmful UV rays are blocked, only useful visible rays enter your eyes Dimentions:  -Frame total: 147mm=5.9inch -Lens height: 55mm=2.2inch -Lens width: 59mm=2.3inch -Bridge: 24mm=0.9inch -Temple length: 124mm=4.9inch Features and benefits:  -Reduce surface reflections -Durable and lightweight frame -Scratch resistant lens -UV protection lens -Easy to clean -Fashion and stylish design cool sunglasses for mens and womens Care:  To avoid damage, never clean your sunglasses with clothing, and also avoid using household detergents. To cleaning your sunglasses, use water and soap avoiding all types of solvents or alcohol. Use only original accessories and apare parts Package includes:  1*Glasses 1*Glasses case  1*Glasses cloth",
    "slug_title": "Aviator-Sunglasses-for-Men-100%-UV-Protection-Goggle-Alloy-Frame-with-Case",
    "category": 18,
    "created_at": "2024-05-16T20:24:16.382Z",
    "updated_at": "2024-05-16T20:39:45.568Z",
    "is_active": true,
    "brand": 3,
    "seller": 1
  }
},
{
  "model": "products.product",
  "pk": 10,
  "fields": {
    "title": "Men's Bomber Jacket Fashion Stylish Lightweight Windbreaker Spring Fall Casual Jackets for Men",
    "has_variant": true,
    "description": "Elevate your outerwear collection with our Men's Bomber Jacket, the perfect blend of style and functionality for the modern man. Designed for both spring and fall, this lightweight windbreaker is an essential addition to any wardrobe, offering versatile wearability for various occasions.",
    "slug_title": "Men's-Bomber-Jacket-Fashion-Stylish-Lightweight-Windbreaker-Spring-Fall-Casual-Jackets-for-Men",
    "category": 22,
    "created_at": "2024-05-16T20:47:48.090Z",
    "updated_at": "2024-05-16T21:13:15.548Z",
    "is_active": true,
    "brand": 4,
    "seller": 1
  }
},
{
  "model": "products.product",
  "pk": 11,
  "fields": {
    "title": "(TM - Children's Nerd Style Glasses Clear Retro Lenses (Ages 3-9)",
    "has_variant": false,
    "description": "These fun glasses are more for \"costume\" use. Often used to look \"studious\" or \"nerdy\" if you will. They look super cute on girls with an \"up-do\". For Halloween, try a piece of tape on the nose bridge and you can really pull off a nerd costume. They are non-prescription glasses. Made to fit children ages 3 to 9. That, or course, is an approximation. Have some fun with them!",
    "slug_title": "(TM---Children's-Nerd-Style-Glasses-Clear-Retro-Lenses-(Ages-3-9)",
    "category": 25,
    "created_at": "2024-05-16T21:00:56.059Z",
    "updated_at": "2024-05-16T21:00:56.059Z",
    "is_active": true,
    "brand": 5,
    "seller": 1
  }
},
{
  "model": "products.product",
  "pk": 12,
  "fields": {
    "title": "Dokotoo Women's 2024 Spring Summer Crochet Hollow Out 3/4 Sleeve Pullover Sweater Off Shoulder T-Shirts",
    "has_variant": false,
    "description": "Step into the 2024 spring and summer seasons with effortless elegance and style, wearing the Dokotoo Women's Crochet Hollow Out 3/4 Sleeve Pullover Sweater Off Shoulder T-Shirts. This unique piece combines the sophistication of a sweater with the casual chic of an off-shoulder T-shirt, making it a versatile addition to your warm-weather wardrobe.",
    "slug_title": "Dokotoo-Women's-2024-Spring-Summer-Crochet-Hollow-Out-3/4-Sleeve-Pullover-Sweater-Off-Shoulder-T-Shirts",
    "category": 26,
    "created_at": "2024-05-16T21:07:03.986Z",
    "updated_at": "2024-05-16T21:07:03.986Z",
    "is_active": true,
    "brand": 6,
    "seller": 1
  }
},
{
  "model": "products.product",
  "pk": 13,
  "fields": {
    "title": "Tanming Sweater Sets Women 2 Piece Lounge Sets Short Sleeve Knit Pullover Tops Wide Leg Pants",
    "has_variant": true,
    "description": "Experience the perfect blend of comfort and style with the Tanming Sweater Sets for Women. This 2-piece lounge set, featuring a short sleeve knit pullover top and wide-leg pants, is designed to offer effortless elegance for any casual or relaxed occasion.",
    "slug_title": "Tanming-Sweater-Sets-Women-2-Piece-Lounge-Sets-Short-Sleeve-Knit-Pullover-Tops-Wide-Leg-Pants",
    "category": 30,
    "created_at": "2024-05-16T21:11:15.447Z",
    "updated_at": "2024-05-16T21:18:57.556Z",
    "is_active": true,
    "brand": 7,
    "seller": 1
  }
},
{
  "model": "products.product",
  "pk": 14,
  "fields": {
    "title": "16 Pairs Men Earrings Set - Black Stainless Steel Cross Dangle Hoop & Ear Stud Fashion Piercing Jewelry for Birthdays, Parties & More",
    "has_variant": false,
    "description": "Upgrade your accessory game with this versatile 16 Pairs Men Earrings Set. Crafted from durable black stainless steel, this set includes a variety of cross dangle hoops and stylish ear studs, perfect for adding a touch of edgy elegance to any outfit. Ideal for birthdays, parties, and everyday wear, these earrings are designed to suit any occasion.",
    "slug_title": "16-Pairs-Men-Earrings-Set---Black-Stainless-Steel-Cross-Dangle-Hoop-&-Ear-Stud-Fashion-Piercing-Jewelry-for-Birthdays,-Parties-&-More",
    "category": 32,
    "created_at": "2024-05-16T21:23:39.499Z",
    "updated_at": "2024-05-16T21:23:39.499Z",
    "is_active": true,
    "brand": 8,
    "seller": 1
  }
},
{
  "model": "products.product",
  "pk": 15,
  "fields": {
    "title": "Mens Sweatpants Mens Joggers Fashion Mens Pants Sweat Pants Sport Joggers Sweatpants Drawstring Athletic Pants",
    "has_variant": true,
    "description": "Upgrade your athletic and casual wardrobe with our Men's Sweatpants. These versatile joggers combine style, comfort, and functionality, making them perfect for workouts, lounging, or everyday wear. With a fashionable design and practical features, these sweatpants are a must-have for any modern man.",
    "slug_title": "Mens-Sweatpants-Mens-Joggers-Fashion-Mens-Pants-Sweat-Pants-Sport-Joggers-Sweatpants-Drawstring-Athletic-Pants",
    "category": 35,
    "created_at": "2024-05-16T21:30:33.757Z",
    "updated_at": "2024-05-16T21:53:52.539Z",
    "is_active": true,
    "brand": 9,
    "seller": 1
  }
},
{
  "model": "products.product",
  "pk": 16,
  "fields": {
    "title": "Tommy Hilfiger Men's Pandora Sneaker, White Canvas 137, 8.5M",
    "has_variant": false,
    "description": "Unearth your most stylish self with a little help from the canvas Tommy Hilfiger Pandora lace-up sneaker.",
    "slug_title": "Tommy-Hilfiger-Men's-Pandora-Sneaker,-White-Canvas-137,-8.5M",
    "category": 37,
    "created_at": "2024-05-16T21:48:22.496Z",
    "updated_at": "2024-05-16T21:48:22.496Z",
    "is_active": true,
    "brand": 10,
    "seller": 1
  }
},
{
  "model": "products.product",
  "pk": 17,
  "fields": {
    "title": "SOJOS Retro Oval Sunglasses for Women Men Trendy Sun Glasses Classic Shades UV400 Protection SJ1217",
    "has_variant": true,
    "description": "Step out in style with the SOJOS Retro Oval Sunglasses, a perfect blend of vintage charm and modern flair. Designed for both women and men, these trendy sunglasses not only elevate your fashion game but also provide essential UV400 protection, making them an ideal choice for any sunny day.",
    "slug_title": "SOJOS-Retro-Oval-Sunglasses-for-Women-Men-Trendy-Sun-Glasses-Classic-Shades-UV400-Protection-SJ1217",
    "category": 40,
    "created_at": "2024-05-16T21:52:18.858Z",
    "updated_at": "2024-05-16T21:57:31.227Z",
    "is_active": true,
    "brand": 10,
    "seller": 1
  }
},
{
  "model": "products.category",
  "pk": 8,
  "fields": {
    "name": "men",
    "parent": null
  }
},
{
  "model": "products.category",
  "pk": 9,
  "fields": {
    "name": "women",
    "parent": null
  }
},
{
  "model": "products.category",
  "pk": 10,
  "fields": {
    "name": "kids",
    "parent": null
  }
},
{
  "model": "products.category",
  "pk": 11,
  "fields": {
    "name": "girls",
    "parent": 10
  }
},
{
  "model": "products.category",
  "pk": 12,
  "fields": {
    "name": "clothing",
    "parent": 11
  }
},
{
  "model": "products.category",
  "pk": 13,
  "fields": {
    "name": "tops, tees & blouses",
    "parent": 12
  }
},
{
  "model": "products.category",
  "pk": 14,
  "fields": {
    "name": "blouses & button-down shirts",
    "parent": 13
  }
},
{
  "model": "products.category",
  "pk": 15,
  "fields": {
    "name": "tees",
    "parent": 13
  }
},
{
  "model": "products.category",
  "pk": 16,
  "fields": {
    "name": "accessories",
    "parent": 8
  }
},
{
  "model": "products.category",
  "pk": 17,
  "fields": {
    "name": "sunglasses & eyewear accessories",
    "parent": 16
  }
},
{
  "model": "products.category",
  "pk": 18,
  "fields": {
    "name": "sunglasses",
    "parent": 17
  }
},
{
  "model": "products.category",
  "pk": 19,
  "fields": {
    "name": "clothing",
    "parent": 8
  }
},
{
  "model": "products.category",
  "pk": 20,
  "fields": {
    "name": "jackets & coats",
    "parent": 19
  }
},
{
  "model": "products.category",
  "pk": 21,
  "fields": {
    "name": "lightweight jackets",
    "parent": 20
  }
},
{
  "model": "products.category",
  "pk": 22,
  "fields": {
    "name": "windbreakers",
    "parent": 21
  }
},
{
  "model": "products.category",
  "pk": 23,
  "fields": {
    "name": "costumes & accessories",
    "parent": 10
  }
},
{
  "model": "products.category",
  "pk": 24,
  "fields": {
    "name": "kids & baby",
    "parent": 23
  }
},
{
  "model": "products.category",
  "pk": 25,
  "fields": {
    "name": "girls accessories",
    "parent": 24
  }
},
{
  "model": "products.category",
  "pk": 26,
  "fields": {
    "name": "crochets",
    "parent": 9
  }
},
{
  "model": "products.category",
  "pk": 27,
  "fields": {
    "name": "clothing",
    "parent": 9
  }
},
{
  "model": "products.category",
  "pk": 28,
  "fields": {
    "name": "lingerie, sleep & lounge",
    "parent": 27
  }
},
{
  "model": "products.category",
  "pk": 29,
  "fields": {
    "name": "sleep & lounge",
    "parent": 28
  }
},
{
  "model": "products.category",
  "pk": 30,
  "fields": {
    "name": "sets",
    "parent": 29
  }
},
{
  "model": "products.category",
  "pk": 31,
  "fields": {
    "name": "jewelry",
    "parent": 8
  }
},
{
  "model": "products.category",
  "pk": 32,
  "fields": {
    "name": "earrings",
    "parent": 31
  }
},
{
  "model": "products.category",
  "pk": 33,
  "fields": {
    "name": "active",
    "parent": 19
  }
},
{
  "model": "products.category",
  "pk": 34,
  "fields": {
    "name": "active pants",
    "parent": 33
  }
},
{
  "model": "products.category",
  "pk": 35,
  "fields": {
    "name": "sweatpants",
    "parent": 34
  }
},
{
  "model": "products.category",
  "pk": 36,
  "fields": {
    "name": "shoes",
    "parent": 8
  }
},
{
  "model": "products.category",
  "pk": 37,
  "fields": {
    "name": "fashion sneakers",
    "parent": 36
  }
},
{
  "model": "products.category",
  "pk": 38,
  "fields": {
    "name": "accessories",
    "parent": 9
  }
},
{
  "model": "products.category",
  "pk": 39,
  "fields": {
    "name": "sunglasses & eyewear accessories",
    "parent": 38
  }
},
{
  "model": "products.category",
  "pk": 40,
  "fields": {
    "name": "sunglasses",
    "parent": 39
  }
},
{
  "model": "products.productitem",
  "pk": 10,
  "fields": {
    "price": "19.99",
    "qty_in_stock": 20,
    "product": 7
  }
},
{
  "model": "products.productitem",
  "pk": 11,
  "fields": {
    "price": "19.99",
    "qty_in_stock": 1,
    "product": 7
  }
},
{
  "model": "products.productitem",
  "pk": 12,
  "fields": {
    "price": "19.99",
    "qty_in_stock": 1,
    "product": 7
  }
},
{
  "model": "products.productitem",
  "pk": 13,
  "fields": {
    "price": "19.99",
    "qty_in_stock": 1,
    "product": 7
  }
},
{
  "model": "products.productitem",
  "pk": 14,
  "fields": {
    "price": "19.99",
    "qty_in_stock": 1,
    "product": 7
  }
},
{
  "model": "products.productitem",
  "pk": 15,
  "fields": {
    "price": "19.99",
    "qty_in_stock": 1,
    "product": 7
  }
},
{
  "model": "products.productitem",
  "pk": 16,
  "fields": {
    "price": "19.99",
    "qty_in_stock": 1,
    "product": 7
  }
},
{
  "model": "products.productitem",
  "pk": 17,
  "fields": {
    "price": "19.99",
    "qty_in_stock": 1,
    "product": 7
  }
},
{
  "model": "products.productitem",
  "pk": 18,
  "fields": {
    "price": "19.99",
    "qty_in_stock": 1,
    "product": 7
  }
},
{
  "model": "products.productitem",
  "pk": 19,
  "fields": {
    "price": "19.99",
    "qty_in_stock": 20,
    "product": 8
  }
},
{
  "model": "products.productitem",
  "pk": 20,
  "fields": {
    "price": "14.99",
    "qty_in_stock": 1,
    "product": 8
  }
},
{
  "model": "products.productitem",
  "pk": 21,
  "fields": {
    "price": "14.99",
    "qty_in_stock": 1,
    "product": 8
  }
},
{
  "model": "products.productitem",
  "pk": 22,
  "fields": {
    "price": "14.99",
    "qty_in_stock": 1,
    "product": 8
  }
},
{
  "model": "products.productitem",
  "pk": 23,
  "fields": {
    "price": "20.00",
    "qty_in_stock": 10,
    "product": 9
  }
},
{
  "model": "products.productitem",
  "pk": 24,
  "fields": {
    "price": "14.99",
    "qty_in_stock": 1,
    "product": 9
  }
},
{
  "model": "products.productitem",
  "pk": 25,
  "fields": {
    "price": "14.99",
    "qty_in_stock": 1,
    "product": 9
  }
},
{
  "model": "products.productitem",
  "pk": 26,
  "fields": {
    "price": "14.99",
    "qty_in_stock": 1,
    "product": 9
  }
},
{
  "model": "products.productitem",
  "pk": 27,
  "fields": {
    "price": "14.99",
    "qty_in_stock": 1,
    "product": 9
  }
},
{
  "model": "products.productitem",
  "pk": 28,
  "fields": {
    "price": "21.95",
    "qty_in_stock": 1,
    "product": 9
  }
},
{
  "model": "products.productitem",
  "pk": 29,
  "fields": {
    "price": "21.95",
    "qty_in_stock": 1,
    "product": 9
  }
},
{
  "model": "products.productitem",
  "pk": 30,
  "fields": {
    "price": "21.95",
    "qty_in_stock": 1,
    "product": 9
  }
},
{
  "model": "products.productitem",
  "pk": 31,
  "fields": {
    "price": "23.13",
    "qty_in_stock": 10,
    "product": 10
  }
},
{
  "model": "products.productitem",
  "pk": 32,
  "fields": {
    "price": "23.99",
    "qty_in_stock": 1,
    "product": 10
  }
},
{
  "model": "products.productitem",
  "pk": 33,
  "fields": {
    "price": "23.99",
    "qty_in_stock": 1,
    "product": 10
  }
},
{
  "model": "products.productitem",
  "pk": 34,
  "fields": {
    "price": "23.99",
    "qty_in_stock": 1,
    "product": 10
  }
},
{
  "model": "products.productitem",
  "pk": 35,
  "fields": {
    "price": "23.99",
    "qty_in_stock": 1,
    "product": 10
  }
},
{
  "model": "products.productitem",
  "pk": 36,
  "fields": {
    "price": "23.99",
    "qty_in_stock": 1,
    "product": 10
  }
},
{
  "model": "products.productitem",
  "pk": 37,
  "fields": {
    "price": "23.99",
    "qty_in_stock": 1,
    "product": 10
  }
},
{
  "model": "products.productitem",
  "pk": 38,
  "fields": {
    "price": "2.14",
    "qty_in_stock": 10,
    "product": 11
  }
},
{
  "model": "products.productitem",
  "pk": 39,
  "fields": {
    "price": "29.95",
    "qty_in_stock": 29,
    "product": 12
  }
},
{
  "model": "products.productitem",
  "pk": 40,
  "fields": {
    "price": "29.95",
    "qty_in_stock": 29,
    "product": 13
  }
},
{
  "model": "products.productitem",
  "pk": 41,
  "fields": {
    "price": "36.54",
    "qty_in_stock": 1,
    "product": 10
  }
},
{
  "model": "products.productitem",
  "pk": 42,
  "fields": {
    "price": "36.54",
    "qty_in_stock": 1,
    "product": 13
  }
},
{
  "model": "products.productitem",
  "pk": 43,
  "fields": {
    "price": "36.54",
    "qty_in_stock": 1,
    "product": 13
  }
},
{
  "model": "products.productitem",
  "pk": 44,
  "fields": {
    "price": "36.54",
    "qty_in_stock": 1,
    "product": 13
  }
},
{
  "model": "products.productitem",
  "pk": 45,
  "fields": {
    "price": "36.54",
    "qty_in_stock": 1,
    "product": 13
  }
},
{
  "model": "products.productitem",
  "pk": 46,
  "fields": {
    "price": "36.54",
    "qty_in_stock": 1,
    "product": 13
  }
},
{
  "model": "products.productitem",
  "pk": 47,
  "fields": {
    "price": "36.54",
    "qty_in_stock": 1,
    "product": 13
  }
},
{
  "model": "products.productitem",
  "pk": 48,
  "fields": {
    "price": "2.95",
    "qty_in_stock": 29,
    "product": 14
  }
},
{
  "model": "products.productitem",
  "pk": 49,
  "fields": {
    "price": "14.99",
    "qty_in_stock": 29,
    "product": 15
  }
},
{
  "model": "products.productitem",
  "pk": 50,
  "fields": {
    "price": "14.99",
    "qty_in_stock": 1,
    "product": 15
  }
},
{
  "model": "products.productitem",
  "pk": 51,
  "fields": {
    "price": "14.99",
    "qty_in_stock": 1,
    "product": 15
  }
},
{
  "model": "products.productitem",
  "pk": 52,
  "fields": {
    "price": "14.99",
    "qty_in_stock": 1,
    "product": 15
  }
},
{
  "model": "products.productitem",
  "pk": 53,
  "fields": {
    "price": "14.99",
    "qty_in_stock": 1,
    "product": 15
  }
},
{
  "model": "products.productitem",
  "pk": 54,
  "fields": {
    "price": "14.99",
    "qty_in_stock": 1,
    "product": 15
  }
},
{
  "model": "products.productitem",
  "pk": 55,
  "fields": {
    "price": "14.99",
    "qty_in_stock": 1,
    "product": 15
  }
},
{
  "model": "products.productitem",
  "pk": 56,
  "fields": {
    "price": "14.99",
    "qty_in_stock": 1,
    "product": 15
  }
},
{
  "model": "products.productitem",
  "pk": 57,
  "fields": {
    "price": "20.00",
    "qty_in_stock": 29,
    "product": 16
  }
},
{
  "model": "products.productitem",
  "pk": 58,
  "fields": {
    "price": "15.99",
    "qty_in_stock": 29,
    "product": 17
  }
},
{
  "model": "products.productitem",
  "pk": 59,
  "fields": {
    "price": "14.99",
    "qty_in_stock": 1,
    "product": 15
  }
},
{
  "model": "products.productitem",
  "pk": 60,
  "fields": {
    "price": "14.99",
    "qty_in_stock": 1,
    "product": 17
  }
},
{
  "model": "products.productitem",
  "pk": 61,
  "fields": {
    "price": "14.99",
    "qty_in_stock": 1,
    "product": 17
  }
},
{
  "model": "products.productitem",
  "pk": 62,
  "fields": {
    "price": "14.99",
    "qty_in_stock": 1,
    "product": 17
  }
},
{
  "model": "products.productitem",
  "pk": 63,
  "fields": {
    "price": "14.99",
    "qty_in_stock": 1,
    "product": 17
  }
},
{
  "model": "products.productitem",
  "pk": 64,
  "fields": {
    "price": "14.99",
    "qty_in_stock": 1,
    "product": 17
  }
},
{
  "model": "products.image",
  "pk": 13,
  "fields": {
    "image": "products/images/product_7/image.jpeg",
    "product_item": 10
  }
},
{
  "model": "products.image",
  "pk": 14,
  "fields": {
    "image": "products/images/product_7/image_Ceo07AW.jpeg",
    "product_item": 10
  }
},
{
  "model": "products.image",
  "pk": 15,
  "fields": {
    "image": "products/images/product_7/image_tDFqjaP.jpeg",
    "product_item": 10
  }
},
{
  "model": "products.image",
  "pk": 16,
  "fields": {
    "image": "products/images/product_7/image_VC8eTxQ.jpeg",
    "product_item": 10
  }
},
{
  "model": "products.image",
  "pk": 17,
  "fields": {
    "image": "products/images/product_7/image_rn8A4yM.jpeg",
    "product_item": 10
  }
},
{
  "model": "products.image",
  "pk": 18,
  "fields": {
    "image": "products/images/product_7/image_g3VNkbN.jpeg",
    "product_item": 10
  }
},
{
  "model": "products.image",
  "pk": 19,
  "fields": {
    "image": "products/images/product_7/image_gblk8DI.jpeg",
    "product_item": 15
  }
},
{
  "model": "products.image",
  "pk": 20,
  "fields": {
    "image": "products/images/product_7/image_t6oNInr.jpeg",
    "product_item": 15
  }
},
{
  "model": "products.image",
  "pk": 21,
  "fields": {
    "image": "products/images/product_7/image_2f4nlhD.jpeg",
    "product_item": 15
  }
},
{
  "model": "products.image",
  "pk": 22,
  "fields": {
    "image": "products/images/product_7/image_PO9RKxM.jpeg",
    "product_item": 15
  }
},
{
  "model": "products.image",
  "pk": 23,
  "fields": {
    "image": "products/images/product_7/image_New6bTP.jpeg",
    "product_item": 15
  }
},
{
  "model": "products.image",
  "pk": 24,
  "fields": {
    "image": "products/images/product_7/image_U33ZGCG.jpeg",
    "product_item": 15
  }
},
{
  "model": "products.image",
  "pk": 25,
  "fields": {
    "image": "products/images/product_7/image_JdDpZOL.jpeg",
    "product_item": 15
  }
},
{
  "model": "products.image",
  "pk": 26,
  "fields": {
    "image": "products/images/product_7/image_LJfUxOS.jpeg",
    "product_item": 16
  }
},
{
  "model": "products.image",
  "pk": 27,
  "fields": {
    "image": "products/images/product_7/image_DbHYX46.jpeg",
    "product_item": 16
  }
},
{
  "model": "products.image",
  "pk": 28,
  "fields": {
    "image": "products/images/product_7/image_FHFro7u.jpeg",
    "product_item": 16
  }
},
{
  "model": "products.image",
  "pk": 29,
  "fields": {
    "image": "products/images/product_7/image_hdKO4pp.jpeg",
    "product_item": 16
  }
},
{
  "model": "products.image",
  "pk": 30,
  "fields": {
    "image": "products/images/product_7/image_VCNVk6l.jpeg",
    "product_item": 16
  }
},
{
  "model": "products.image",
  "pk": 31,
  "fields": {
    "image": "products/images/product_7/image_Sj8aFwE.jpeg",
    "product_item": 16
  }
},
{
  "model": "products.image",
  "pk": 32,
  "fields": {
    "image": "products/images/product_7/image_xdalcJG.jpeg",
    "product_item": 16
  }
},
{
  "model": "products.image",
  "pk": 33,
  "fields": {
    "image": "products/images/product_7/image_iI7Bibg.jpeg",
    "product_item": 17
  }
},
{
  "model": "products.image",
  "pk": 34,
  "fields": {
    "image": "products/images/product_7/image_Jft8De7.jpeg",
    "product_item": 17
  }
},
{
  "model": "products.image",
  "pk": 35,
  "fields": {
    "image": "products/images/product_7/image_spgvjyx.jpeg",
    "product_item": 17
  }
},
{
  "model": "products.image",
  "pk": 36,
  "fields": {
    "image": "products/images/product_7/image_RPjvKtf.jpeg",
    "product_item": 17
  }
},
{
  "model": "products.image",
  "pk": 37,
  "fields": {
    "image": "products/images/product_7/image_nGf45td.jpeg",
    "product_item": 17
  }
},
{
  "model": "products.image",
  "pk": 38,
  "fields": {
    "image": "products/images/product_7/image_62htcGS.jpeg",
    "product_item": 17
  }
},
{
  "model": "products.image",
  "pk": 39,
  "fields": {
    "image": "products/images/product_7/image_KNUmXFO.jpeg",
    "product_item": 17
  }
},
{
  "model": "products.image",
  "pk": 40,
  "fields": {
    "image": "products/images/product_7/image_NFzKry9.jpeg",
    "product_item": 18
  }
},
{
  "model": "products.image",
  "pk": 41,
  "fields": {
    "image": "products/images/product_7/image_Aj8POAr.jpeg",
    "product_item": 18
  }
},
{
  "model": "products.image",
  "pk": 42,
  "fields": {
    "image": "products/images/product_7/image_XzLNTEi.jpeg",
    "product_item": 18
  }
},
{
  "model": "products.image",
  "pk": 43,
  "fields": {
    "image": "products/images/product_7/image_EvzLI4b.jpeg",
    "product_item": 18
  }
},
{
  "model": "products.image",
  "pk": 44,
  "fields": {
    "image": "products/images/product_7/image_7vsZOFi.jpeg",
    "product_item": 18
  }
},
{
  "model": "products.image",
  "pk": 45,
  "fields": {
    "image": "products/images/product_7/image_S9rgMo0.jpeg",
    "product_item": 18
  }
},
{
  "model": "products.image",
  "pk": 46,
  "fields": {
    "image": "products/images/product_7/image_XRexUyQ.jpeg",
    "product_item": 18
  }
},
{
  "model": "products.image",
  "pk": 47,
  "fields": {
    "image": "products/images/product_8/image.jpeg",
    "product_item": 19
  }
},
{
  "model": "products.image",
  "pk": 48,
  "fields": {
    "image": "products/images/product_8/image_yVmI2fd.jpeg",
    "product_item": 19
  }
},
{
  "model": "products.image",
  "pk": 49,
  "fields": {
    "image": "products/images/product_8/image_FKzdGew.jpeg",
    "product_item": 19
  }
},
{
  "model": "products.image",
  "pk": 50,
  "fields": {
    "image": "products/images/product_8/image_Zf8JeIs.jpeg",
    "product_item": 19
  }
},
{
  "model": "products.image",
  "pk": 51,
  "fields": {
    "image": "products/images/product_8/image_uINlgqK.jpeg",
    "product_item": 19
  }
},
{
  "model": "products.image",
  "pk": 52,
  "fields": {
    "image": "products/images/product_8/image_BrJ9AgH.jpeg",
    "product_item": 19
  }
},
{
  "model": "products.image",
  "pk": 53,
  "fields": {
    "image": "products/images/product_8/image_TlZEbOU.jpeg",
    "product_item": 19
  }
},
{
  "model": "products.image",
  "pk": 54,
  "fields": {
    "image": "products/images/product_8/image_4rhgI4y.jpeg",
    "product_item": 20
  }
},
{
  "model": "products.image",
  "pk": 55,
  "fields": {
    "image": "products/images/product_8/image_2YDLTGL.jpeg",
    "product_item": 20
  }
},
{
  "model": "products.image",
  "pk": 56,
  "fields": {
    "image": "products/images/product_8/image_zAcSPYE.jpeg",
    "product_item": 20
  }
},
{
  "model": "products.image",
  "pk": 57,
  "fields": {
    "image": "products/images/product_8/image_llgmIGg.jpeg",
    "product_item": 20
  }
},
{
  "model": "products.image",
  "pk": 58,
  "fields": {
    "image": "products/images/product_8/image_IKPgJ1p.jpeg",
    "product_item": 20
  }
},
{
  "model": "products.image",
  "pk": 59,
  "fields": {
    "image": "products/images/product_8/image_RxbATax.jpeg",
    "product_item": 20
  }
},
{
  "model": "products.image",
  "pk": 60,
  "fields": {
    "image": "products/images/product_8/image_GW3Gz7l.jpeg",
    "product_item": 20
  }
},
{
  "model": "products.image",
  "pk": 61,
  "fields": {
    "image": "products/images/product_8/image_l3BaWHb.jpeg",
    "product_item": 21
  }
},
{
  "model": "products.image",
  "pk": 62,
  "fields": {
    "image": "products/images/product_8/image_4O05w5L.jpeg",
    "product_item": 21
  }
},
{
  "model": "products.image",
  "pk": 63,
  "fields": {
    "image": "products/images/product_8/image_2jPf1fT.jpeg",
    "product_item": 21
  }
},
{
  "model": "products.image",
  "pk": 64,
  "fields": {
    "image": "products/images/product_8/image_mToCSpU.jpeg",
    "product_item": 21
  }
},
{
  "model": "products.image",
  "pk": 65,
  "fields": {
    "image": "products/images/product_8/image_WHC5hsK.jpeg",
    "product_item": 21
  }
},
{
  "model": "products.image",
  "pk": 66,
  "fields": {
    "image": "products/images/product_8/image_HqDAE5Y.jpeg",
    "product_item": 21
  }
},
{
  "model": "products.image",
  "pk": 67,
  "fields": {
    "image": "products/images/product_8/image_cBZF6qm.jpeg",
    "product_item": 21
  }
},
{
  "model": "products.image",
  "pk": 68,
  "fields": {
    "image": "products/images/product_8/image_NlogKYB.jpeg",
    "product_item": 22
  }
},
{
  "model": "products.image",
  "pk": 69,
  "fields": {
    "image": "products/images/product_8/image_XrkD9A7.jpeg",
    "product_item": 22
  }
},
{
  "model": "products.image",
  "pk": 70,
  "fields": {
    "image": "products/images/product_8/image_H0b04nC.jpeg",
    "product_item": 22
  }
},
{
  "model": "products.image",
  "pk": 71,
  "fields": {
    "image": "products/images/product_8/image_jM6crAl.jpeg",
    "product_item": 22
  }
},
{
  "model": "products.image",
  "pk": 72,
  "fields": {
    "image": "products/images/product_8/image_zR1ckqQ.jpeg",
    "product_item": 22
  }
},
{
  "model": "products.image",
  "pk": 73,
  "fields": {
    "image": "products/images/product_8/image_SKXB3hr.jpeg",
    "product_item": 22
  }
},
{
  "model": "products.image",
  "pk": 74,
  "fields": {
    "image": "products/images/product_8/image_lG7WBZq.jpeg",
    "product_item": 22
  }
},
{
  "model": "products.image",
  "pk": 75,
  "fields": {
    "image": "products/images/product_9/image.jpeg",
    "product_item": 23
  }
},
{
  "model": "products.image",
  "pk": 76,
  "fields": {
    "image": "products/images/product_9/image_XzgIxQ2.jpeg",
    "product_item": 23
  }
},
{
  "model": "products.image",
  "pk": 77,
  "fields": {
    "image": "products/images/product_9/image_brhEqA0.jpeg",
    "product_item": 23
  }
},
{
  "model": "products.image",
  "pk": 78,
  "fields": {
    "image": "products/images/product_9/image_xv0Zw3v.jpeg",
    "product_item": 23
  }
},
{
  "model": "products.image",
  "pk": 79,
  "fields": {
    "image": "products/images/product_9/image_j97cgvl.jpeg",
    "product_item": 23
  }
},
{
  "model": "products.image",
  "pk": 80,
  "fields": {
    "image": "products/images/product_9/image_VqluRZE.jpeg",
    "product_item": 23
  }
},
{
  "model": "products.image",
  "pk": 81,
  "fields": {
    "image": "products/images/product_9/image_GixgLes.jpeg",
    "product_item": 23
  }
},
{
  "model": "products.image",
  "pk": 82,
  "fields": {
    "image": "products/images/product_9/image_nOCPocC.jpeg",
    "product_item": 24
  }
},
{
  "model": "products.image",
  "pk": 83,
  "fields": {
    "image": "products/images/product_9/image_fIVpbIO.jpeg",
    "product_item": 24
  }
},
{
  "model": "products.image",
  "pk": 84,
  "fields": {
    "image": "products/images/product_9/image_vwDY0vN.jpeg",
    "product_item": 24
  }
},
{
  "model": "products.image",
  "pk": 85,
  "fields": {
    "image": "products/images/product_9/image_TWLoYFt.jpeg",
    "product_item": 24
  }
},
{
  "model": "products.image",
  "pk": 86,
  "fields": {
    "image": "products/images/product_9/image_qQHsAMH.jpeg",
    "product_item": 24
  }
},
{
  "model": "products.image",
  "pk": 87,
  "fields": {
    "image": "products/images/product_9/image_8vz16Kg.jpeg",
    "product_item": 24
  }
},
{
  "model": "products.image",
  "pk": 88,
  "fields": {
    "image": "products/images/product_9/image_vs8yndR.jpeg",
    "product_item": 24
  }
},
{
  "model": "products.image",
  "pk": 89,
  "fields": {
    "image": "products/images/product_9/image_c0M9bXq.jpeg",
    "product_item": 25
  }
},
{
  "model": "products.image",
  "pk": 90,
  "fields": {
    "image": "products/images/product_9/image_V5yrqtF.jpeg",
    "product_item": 25
  }
},
{
  "model": "products.image",
  "pk": 91,
  "fields": {
    "image": "products/images/product_9/image_KAEgout.jpeg",
    "product_item": 25
  }
},
{
  "model": "products.image",
  "pk": 92,
  "fields": {
    "image": "products/images/product_9/image_Tfqj9FK.jpeg",
    "product_item": 25
  }
},
{
  "model": "products.image",
  "pk": 93,
  "fields": {
    "image": "products/images/product_9/image_i69NLoq.jpeg",
    "product_item": 25
  }
},
{
  "model": "products.image",
  "pk": 94,
  "fields": {
    "image": "products/images/product_9/image_snjJ7ed.jpeg",
    "product_item": 25
  }
},
{
  "model": "products.image",
  "pk": 95,
  "fields": {
    "image": "products/images/product_9/image_ZVYgLX4.jpeg",
    "product_item": 25
  }
},
{
  "model": "products.image",
  "pk": 96,
  "fields": {
    "image": "products/images/product_9/image_cJeKuQT.jpeg",
    "product_item": 26
  }
},
{
  "model": "products.image",
  "pk": 97,
  "fields": {
    "image": "products/images/product_9/image_0OsLYEG.jpeg",
    "product_item": 26
  }
},
{
  "model": "products.image",
  "pk": 98,
  "fields": {
    "image": "products/images/product_9/image_d7zoPyK.jpeg",
    "product_item": 26
  }
},
{
  "model": "products.image",
  "pk": 99,
  "fields": {
    "image": "products/images/product_9/image_kiNUj4O.jpeg",
    "product_item": 26
  }
},
{
  "model": "products.image",
  "pk": 100,
  "fields": {
    "image": "products/images/product_9/image_o6jfwDb.jpeg",
    "product_item": 26
  }
},
{
  "model": "products.image",
  "pk": 101,
  "fields": {
    "image": "products/images/product_9/image_4TH3I1D.jpeg",
    "product_item": 26
  }
},
{
  "model": "products.image",
  "pk": 102,
  "fields": {
    "image": "products/images/product_9/image_3WWBzxp.jpeg",
    "product_item": 26
  }
},
{
  "model": "products.image",
  "pk": 103,
  "fields": {
    "image": "products/images/product_9/image_P8WngNo.jpeg",
    "product_item": 27
  }
},
{
  "model": "products.image",
  "pk": 104,
  "fields": {
    "image": "products/images/product_9/image_xcCQHNp.jpeg",
    "product_item": 27
  }
},
{
  "model": "products.image",
  "pk": 105,
  "fields": {
    "image": "products/images/product_9/image_cLTTiYt.jpeg",
    "product_item": 27
  }
},
{
  "model": "products.image",
  "pk": 106,
  "fields": {
    "image": "products/images/product_9/image_ckPYnZg.jpeg",
    "product_item": 27
  }
},
{
  "model": "products.image",
  "pk": 107,
  "fields": {
    "image": "products/images/product_9/image_sj87n24.jpeg",
    "product_item": 27
  }
},
{
  "model": "products.image",
  "pk": 108,
  "fields": {
    "image": "products/images/product_9/image_aFEbtvi.jpeg",
    "product_item": 28
  }
},
{
  "model": "products.image",
  "pk": 109,
  "fields": {
    "image": "products/images/product_9/image_ApTTenl.jpeg",
    "product_item": 28
  }
},
{
  "model": "products.image",
  "pk": 110,
  "fields": {
    "image": "products/images/product_9/image_l6I2Rmy.jpeg",
    "product_item": 28
  }
},
{
  "model": "products.image",
  "pk": 111,
  "fields": {
    "image": "products/images/product_9/image_NwkgjtJ.jpeg",
    "product_item": 28
  }
},
{
  "model": "products.image",
  "pk": 112,
  "fields": {
    "image": "products/images/product_9/image_5U7zWZ5.jpeg",
    "product_item": 28
  }
},
{
  "model": "products.image",
  "pk": 113,
  "fields": {
    "image": "products/images/product_9/image_Ov61Ugm.jpeg",
    "product_item": 28
  }
},
{
  "model": "products.image",
  "pk": 114,
  "fields": {
    "image": "products/images/product_9/image_yY04nQv.jpeg",
    "product_item": 28
  }
},
{
  "model": "products.image",
  "pk": 115,
  "fields": {
    "image": "products/images/product_9/image_S9iqFQn.jpeg",
    "product_item": 29
  }
},
{
  "model": "products.image",
  "pk": 116,
  "fields": {
    "image": "products/images/product_9/image_u6m2mC7.jpeg",
    "product_item": 29
  }
},
{
  "model": "products.image",
  "pk": 117,
  "fields": {
    "image": "products/images/product_9/image_NbjKdCb.jpeg",
    "product_item": 29
  }
},
{
  "model": "products.image",
  "pk": 118,
  "fields": {
    "image": "products/images/product_9/image_4xOyyBt.jpeg",
    "product_item": 29
  }
},
{
  "model": "products.image",
  "pk": 119,
  "fields": {
    "image": "products/images/product_9/image_BOZLqTm.jpeg",
    "product_item": 29
  }
},
{
  "model": "products.image",
  "pk": 120,
  "fields": {
    "image": "products/images/product_9/image_XKlIXEt.jpeg",
    "product_item": 29
  }
},
{
  "model": "products.image",
  "pk": 121,
  "fields": {
    "image": "products/images/product_9/image_oEgXpjb.jpeg",
    "product_item": 30
  }
},
{
  "model": "products.image",
  "pk": 122,
  "fields": {
    "image": "products/images/product_9/image_9o7Xl7Q.jpeg",
    "product_item": 30
  }
},
{
  "model": "products.image",
  "pk": 123,
  "fields": {
    "image": "products/images/product_9/image_mra9psD.jpeg",
    "product_item": 30
  }
},
{
  "model": "products.image",
  "pk": 124,
  "fields": {
    "image": "products/images/product_9/image_FpW2n0E.jpeg",
    "product_item": 30
  }
},
{
  "model": "products.image",
  "pk": 125,
  "fields": {
    "image": "products/images/product_9/image_U2zsmpO.jpeg",
    "product_item": 30
  }
},
{
  "model": "products.image",
  "pk": 126,
  "fields": {
    "image": "products/images/product_9/image_vdDL9iG.jpeg",
    "product_item": 30
  }
},
{
  "model": "products.image",
  "pk": 127,
  "fields": {
    "image": "products/images/product_9/image_5GoAi5V.jpeg",
    "product_item": 30
  }
},
{
  "model": "products.image",
  "pk": 128,
  "fields": {
    "image": "products/images/product_10/image.jpeg",
    "product_item": 31
  }
},
{
  "model": "products.image",
  "pk": 129,
  "fields": {
    "image": "products/images/product_10/image_CoN8NDT.jpeg",
    "product_item": 31
  }
},
{
  "model": "products.image",
  "pk": 130,
  "fields": {
    "image": "products/images/product_10/image_TorGWNd.jpeg",
    "product_item": 31
  }
},
{
  "model": "products.image",
  "pk": 131,
  "fields": {
    "image": "products/images/product_10/image_bwG8UPC.jpeg",
    "product_item": 31
  }
},
{
  "model": "products.image",
  "pk": 132,
  "fields": {
    "image": "products/images/product_10/image_ponU7Z0.jpeg",
    "product_item": 31
  }
},
{
  "model": "products.image",
  "pk": 133,
  "fields": {
    "image": "products/images/product_10/image_KPumlFb.jpeg",
    "product_item": 31
  }
},
{
  "model": "products.image",
  "pk": 134,
  "fields": {
    "image": "products/images/product_10/image_GwKbtq5.jpeg",
    "product_item": 32
  }
},
{
  "model": "products.image",
  "pk": 135,
  "fields": {
    "image": "products/images/product_10/image_uNDvtpx.jpeg",
    "product_item": 32
  }
},
{
  "model": "products.image",
  "pk": 136,
  "fields": {
    "image": "products/images/product_10/image_ALfNEBg.jpeg",
    "product_item": 32
  }
},
{
  "model": "products.image",
  "pk": 137,
  "fields": {
    "image": "products/images/product_10/image_rlbW36p.jpeg",
    "product_item": 32
  }
},
{
  "model": "products.image",
  "pk": 138,
  "fields": {
    "image": "products/images/product_10/image_7QioQhr.jpeg",
    "product_item": 32
  }
},
{
  "model": "products.image",
  "pk": 139,
  "fields": {
    "image": "products/images/product_10/image_zVzAXjr.jpeg",
    "product_item": 32
  }
},
{
  "model": "products.image",
  "pk": 140,
  "fields": {
    "image": "products/images/product_10/image_ygY44Hw.jpeg",
    "product_item": 33
  }
},
{
  "model": "products.image",
  "pk": 141,
  "fields": {
    "image": "products/images/product_10/image_LV2eeWh.jpeg",
    "product_item": 33
  }
},
{
  "model": "products.image",
  "pk": 142,
  "fields": {
    "image": "products/images/product_10/image_bQZ6jwU.jpeg",
    "product_item": 33
  }
},
{
  "model": "products.image",
  "pk": 143,
  "fields": {
    "image": "products/images/product_10/image_ag3iqRi.jpeg",
    "product_item": 33
  }
},
{
  "model": "products.image",
  "pk": 144,
  "fields": {
    "image": "products/images/product_10/image_a4TRRsU.jpeg",
    "product_item": 33
  }
},
{
  "model": "products.image",
  "pk": 145,
  "fields": {
    "image": "products/images/product_10/image_EGF3FBN.jpeg",
    "product_item": 33
  }
},
{
  "model": "products.image",
  "pk": 146,
  "fields": {
    "image": "products/images/product_10/image_bNK6ogD.jpeg",
    "product_item": 34
  }
},
{
  "model": "products.image",
  "pk": 147,
  "fields": {
    "image": "products/images/product_10/image_eH63Amy.jpeg",
    "product_item": 34
  }
},
{
  "model": "products.image",
  "pk": 148,
  "fields": {
    "image": "products/images/product_10/image_co8FRMI.jpeg",
    "product_item": 34
  }
},
{
  "model": "products.image",
  "pk": 149,
  "fields": {
    "image": "products/images/product_10/image_u1At9uK.jpeg",
    "product_item": 34
  }
},
{
  "model": "products.image",
  "pk": 150,
  "fields": {
    "image": "products/images/product_10/image_3jL2o5K.jpeg",
    "product_item": 34
  }
},
{
  "model": "products.image",
  "pk": 151,
  "fields": {
    "image": "products/images/product_10/image_j4w5NB9.jpeg",
    "product_item": 34
  }
},
{
  "model": "products.image",
  "pk": 152,
  "fields": {
    "image": "products/images/product_10/image_20NUMKJ.jpeg",
    "product_item": 35
  }
},
{
  "model": "products.image",
  "pk": 153,
  "fields": {
    "image": "products/images/product_10/image_D9g1HTg.jpeg",
    "product_item": 35
  }
},
{
  "model": "products.image",
  "pk": 154,
  "fields": {
    "image": "products/images/product_10/image_RcWM5ym.jpeg",
    "product_item": 35
  }
},
{
  "model": "products.image",
  "pk": 155,
  "fields": {
    "image": "products/images/product_10/image_dIqw6n4.jpeg",
    "product_item": 35
  }
},
{
  "model": "products.image",
  "pk": 156,
  "fields": {
    "image": "products/images/product_10/image_pTMWX6x.jpeg",
    "product_item": 35
  }
},
{
  "model": "products.image",
  "pk": 157,
  "fields": {
    "image": "products/images/product_10/image_7YezbGY.jpeg",
    "product_item": 35
  }
},
{
  "model": "products.image",
  "pk": 158,
  "fields": {
    "image": "products/images/product_10/image_ndCiAju.jpeg",
    "product_item": 36
  }
},
{
  "model": "products.image",
  "pk": 159,
  "fields": {
    "image": "products/images/product_10/image_TQv6DnL.jpeg",
    "product_item": 36
  }
},
{
  "model": "products.image",
  "pk": 160,
  "fields": {
    "image": "products/images/product_10/image_rQo5YFE.jpeg",
    "product_item": 36
  }
},
{
  "model": "products.image",
  "pk": 161,
  "fields": {
    "image": "products/images/product_10/image_n4dVOaz.jpeg",
    "product_item": 36
  }
},
{
  "model": "products.image",
  "pk": 162,
  "fields": {
    "image": "products/images/product_10/image_oqYLR6d.jpeg",
    "product_item": 36
  }
},
{
  "model": "products.image",
  "pk": 163,
  "fields": {
    "image": "products/images/product_10/image_CRmaCh0.jpeg",
    "product_item": 36
  }
},
{
  "model": "products.image",
  "pk": 164,
  "fields": {
    "image": "products/images/product_10/image_AqrlHhg.jpeg",
    "product_item": 37
  }
},
{
  "model": "products.image",
  "pk": 165,
  "fields": {
    "image": "products/images/product_10/image_FwfYcag.jpeg",
    "product_item": 37
  }
},
{
  "model": "products.image",
  "pk": 166,
  "fields": {
    "image": "products/images/product_10/image_Ft7zOUt.jpeg",
    "product_item": 37
  }
},
{
  "model": "products.image",
  "pk": 167,
  "fields": {
    "image": "products/images/product_10/image_PpgfgzY.jpeg",
    "product_item": 37
  }
},
{
  "model": "products.image",
  "pk": 168,
  "fields": {
    "image": "products/images/product_10/image_4Fik4lA.jpeg",
    "product_item": 37
  }
},
{
  "model": "products.image",
  "pk": 169,
  "fields": {
    "image": "products/images/product_10/image_WVSIYBm.jpeg",
    "product_item": 37
  }
},
{
  "model": "products.image",
  "pk": 170,
  "fields": {
    "image": "products/images/product_11/image.jpeg",
    "product_item": 38
  }
},
{
  "model": "products.image",
  "pk": 171,
  "fields": {
    "image": "products/images/product_11/image_nxXEDTr.jpeg",
    "product_item": 38
  }
},
{
  "model": "products.image",
  "pk": 172,
  "fields": {
    "image": "products/images/product_11/image_ZVhYVt5.jpeg",
    "product_item": 38
  }
},
{
  "model": "products.image",
  "pk": 173,
  "fields": {
    "image": "products/images/product_11/image_5szN29V.jpeg",
    "product_item": 38
  }
},
{
  "model": "products.image",
  "pk": 174,
  "fields": {
    "image": "products/images/product_11/image_apK0U8G.jpeg",
    "product_item": 38
  }
},
{
  "model": "products.image",
  "pk": 175,
  "fields": {
    "image": "products/images/product_11/image_MCXVczD.jpeg",
    "product_item": 38
  }
},
{
  "model": "products.image",
  "pk": 176,
  "fields": {
    "image": "products/images/product_11/image_hxD68k9.jpeg",
    "product_item": 38
  }
},
{
  "model": "products.image",
  "pk": 177,
  "fields": {
    "image": "products/images/product_12/image.jpeg",
    "product_item": 39
  }
},
{
  "model": "products.image",
  "pk": 178,
  "fields": {
    "image": "products/images/product_12/image_Or08XQ2.jpeg",
    "product_item": 39
  }
},
{
  "model": "products.image",
  "pk": 179,
  "fields": {
    "image": "products/images/product_12/image_slWhzKn.jpeg",
    "product_item": 39
  }
},
{
  "model": "products.image",
  "pk": 180,
  "fields": {
    "image": "products/images/product_12/image_HffHvCU.jpeg",
    "product_item": 39
  }
},
{
  "model": "products.image",
  "pk": 181,
  "fields": {
    "image": "products/images/product_12/image_dEFM4fk.jpeg",
    "product_item": 39
  }
},
{
  "model": "products.image",
  "pk": 182,
  "fields": {
    "image": "products/images/product_12/image_rpI0CDv.jpeg",
    "product_item": 39
  }
},
{
  "model": "products.image",
  "pk": 183,
  "fields": {
    "image": "products/images/product_13/image.jpeg",
    "product_item": 40
  }
},
{
  "model": "products.image",
  "pk": 184,
  "fields": {
    "image": "products/images/product_13/image_5cHq4Lb.jpeg",
    "product_item": 40
  }
},
{
  "model": "products.image",
  "pk": 185,
  "fields": {
    "image": "products/images/product_13/image_SxtMk3k.jpeg",
    "product_item": 40
  }
},
{
  "model": "products.image",
  "pk": 186,
  "fields": {
    "image": "products/images/product_13/image_zvYqpdH.jpeg",
    "product_item": 40
  }
},
{
  "model": "products.image",
  "pk": 187,
  "fields": {
    "image": "products/images/product_13/image_9zSgxhi.jpeg",
    "product_item": 40
  }
},
{
  "model": "products.image",
  "pk": 188,
  "fields": {
    "image": "products/images/product_13/image_fp60swC.jpeg",
    "product_item": 40
  }
},
{
  "model": "products.image",
  "pk": 189,
  "fields": {
    "image": "products/images/product_13/image_DHXJzPr.jpeg",
    "product_item": 40
  }
},
{
  "model": "products.image",
  "pk": 190,
  "fields": {
    "image": "products/images/product_13/image_o4ykYxG.jpeg",
    "product_item": 40
  }
},
{
  "model": "products.image",
  "pk": 191,
  "fields": {
    "image": "products/images/product_10/image_x5xL71q.jpeg",
    "product_item": 41
  }
},
{
  "model": "products.image",
  "pk": 192,
  "fields": {
    "image": "products/images/product_10/image_xM1DYzq.jpeg",
    "product_item": 41
  }
},
{
  "model": "products.image",
  "pk": 193,
  "fields": {
    "image": "products/images/product_10/image_EdHdRy8.jpeg",
    "product_item": 41
  }
},
{
  "model": "products.image",
  "pk": 194,
  "fields": {
    "image": "products/images/product_10/image_bKxAaMA.jpeg",
    "product_item": 41
  }
},
{
  "model": "products.image",
  "pk": 195,
  "fields": {
    "image": "products/images/product_10/image_1zYYgg0.jpeg",
    "product_item": 41
  }
},
{
  "model": "products.image",
  "pk": 196,
  "fields": {
    "image": "products/images/product_10/image_5W5a8am.jpeg",
    "product_item": 41
  }
},
{
  "model": "products.image",
  "pk": 197,
  "fields": {
    "image": "products/images/product_10/image_mhgqvzw.jpeg",
    "product_item": 41
  }
},
{
  "model": "products.image",
  "pk": 198,
  "fields": {
    "image": "products/images/product_13/image_2t7Opop.jpeg",
    "product_item": 42
  }
},
{
  "model": "products.image",
  "pk": 199,
  "fields": {
    "image": "products/images/product_13/image_nSyRLP3.jpeg",
    "product_item": 42
  }
},
{
  "model": "products.image",
  "pk": 200,
  "fields": {
    "image": "products/images/product_13/image_fkata2P.jpeg",
    "product_item": 42
  }
},
{
  "model": "products.image",
  "pk": 201,
  "fields": {
    "image": "products/images/product_13/image_QNwQgWJ.jpeg",
    "product_item": 42
  }
},
{
  "model": "products.image",
  "pk": 202,
  "fields": {
    "image": "products/images/product_13/image_LYRHQQv.jpeg",
    "product_item": 42
  }
},
{
  "model": "products.image",
  "pk": 203,
  "fields": {
    "image": "products/images/product_13/image_oCs3kQ5.jpeg",
    "product_item": 42
  }
},
{
  "model": "products.image",
  "pk": 204,
  "fields": {
    "image": "products/images/product_13/image_UPeaqk2.jpeg",
    "product_item": 42
  }
},
{
  "model": "products.image",
  "pk": 205,
  "fields": {
    "image": "products/images/product_13/image_mCBECtE.jpeg",
    "product_item": 43
  }
},
{
  "model": "products.image",
  "pk": 206,
  "fields": {
    "image": "products/images/product_13/image_nfcH4mL.jpeg",
    "product_item": 43
  }
},
{
  "model": "products.image",
  "pk": 207,
  "fields": {
    "image": "products/images/product_13/image_cE4O9cL.jpeg",
    "product_item": 43
  }
},
{
  "model": "products.image",
  "pk": 208,
  "fields": {
    "image": "products/images/product_13/image_G30HzvB.jpeg",
    "product_item": 43
  }
},
{
  "model": "products.image",
  "pk": 209,
  "fields": {
    "image": "products/images/product_13/image_0wuWM1R.jpeg",
    "product_item": 43
  }
},
{
  "model": "products.image",
  "pk": 210,
  "fields": {
    "image": "products/images/product_13/image_iLeBDWm.jpeg",
    "product_item": 44
  }
},
{
  "model": "products.image",
  "pk": 211,
  "fields": {
    "image": "products/images/product_13/image_Rrk4Xit.jpeg",
    "product_item": 44
  }
},
{
  "model": "products.image",
  "pk": 212,
  "fields": {
    "image": "products/images/product_13/image_dD9qJpR.jpeg",
    "product_item": 44
  }
},
{
  "model": "products.image",
  "pk": 213,
  "fields": {
    "image": "products/images/product_13/image_Nkl4db8.jpeg",
    "product_item": 44
  }
},
{
  "model": "products.image",
  "pk": 214,
  "fields": {
    "image": "products/images/product_13/image_6qv3Muo.jpeg",
    "product_item": 44
  }
},
{
  "model": "products.image",
  "pk": 215,
  "fields": {
    "image": "products/images/product_13/image_vXQx3s4.jpeg",
    "product_item": 44
  }
},
{
  "model": "products.image",
  "pk": 216,
  "fields": {
    "image": "products/images/product_13/image_GNLTEsk.jpeg",
    "product_item": 45
  }
},
{
  "model": "products.image",
  "pk": 217,
  "fields": {
    "image": "products/images/product_13/image_RK5uRuA.jpeg",
    "product_item": 45
  }
},
{
  "model": "products.image",
  "pk": 218,
  "fields": {
    "image": "products/images/product_13/image_yZxDIpo.jpeg",
    "product_item": 45
  }
},
{
  "model": "products.image",
  "pk": 219,
  "fields": {
    "image": "products/images/product_13/image_UX7hXmK.jpeg",
    "product_item": 45
  }
},
{
  "model": "products.image",
  "pk": 220,
  "fields": {
    "image": "products/images/product_13/image_ZHktMrE.jpeg",
    "product_item": 45
  }
},
{
  "model": "products.image",
  "pk": 221,
  "fields": {
    "image": "products/images/product_13/image_oPNvRXq.jpeg",
    "product_item": 45
  }
},
{
  "model": "products.image",
  "pk": 222,
  "fields": {
    "image": "products/images/product_13/image_74CFNwp.jpeg",
    "product_item": 45
  }
},
{
  "model": "products.image",
  "pk": 223,
  "fields": {
    "image": "products/images/product_13/image_9w5Gq9r.jpeg",
    "product_item": 46
  }
},
{
  "model": "products.image",
  "pk": 224,
  "fields": {
    "image": "products/images/product_13/image_nB5C5hv.jpeg",
    "product_item": 46
  }
},
{
  "model": "products.image",
  "pk": 225,
  "fields": {
    "image": "products/images/product_13/image_FVCP1um.jpeg",
    "product_item": 46
  }
},
{
  "model": "products.image",
  "pk": 226,
  "fields": {
    "image": "products/images/product_13/image_JYM4bjW.jpeg",
    "product_item": 46
  }
},
{
  "model": "products.image",
  "pk": 227,
  "fields": {
    "image": "products/images/product_13/image_bNsENFx.jpeg",
    "product_item": 46
  }
},
{
  "model": "products.image",
  "pk": 228,
  "fields": {
    "image": "products/images/product_13/image_1S3AX4t.jpeg",
    "product_item": 46
  }
},
{
  "model": "products.image",
  "pk": 229,
  "fields": {
    "image": "products/images/product_13/image_u8NAwFV.jpeg",
    "product_item": 47
  }
},
{
  "model": "products.image",
  "pk": 230,
  "fields": {
    "image": "products/images/product_13/image_mj11W3Z.jpeg",
    "product_item": 47
  }
},
{
  "model": "products.image",
  "pk": 231,
  "fields": {
    "image": "products/images/product_13/image_yDcCVFW.jpeg",
    "product_item": 47
  }
},
{
  "model": "products.image",
  "pk": 232,
  "fields": {
    "image": "products/images/product_13/image_tjICgdV.jpeg",
    "product_item": 47
  }
},
{
  "model": "products.image",
  "pk": 233,
  "fields": {
    "image": "products/images/product_13/image_ZvpKXrY.jpeg",
    "product_item": 47
  }
},
{
  "model": "products.image",
  "pk": 234,
  "fields": {
    "image": "products/images/product_13/image_4AgGKBm.jpeg",
    "product_item": 47
  }
},
{
  "model": "products.image",
  "pk": 235,
  "fields": {
    "image": "products/images/product_13/image_ED95cs5.jpeg",
    "product_item": 47
  }
},
{
  "model": "products.image",
  "pk": 236,
  "fields": {
    "image": "products/images/product_14/image.jpeg",
    "product_item": 48
  }
},
{
  "model": "products.image",
  "pk": 237,
  "fields": {
    "image": "products/images/product_14/image_Y8LzHCa.jpeg",
    "product_item": 48
  }
},
{
  "model": "products.image",
  "pk": 238,
  "fields": {
    "image": "products/images/product_14/image_ZEQKowh.jpeg",
    "product_item": 48
  }
},
{
  "model": "products.image",
  "pk": 239,
  "fields": {
    "image": "products/images/product_14/image_SelscFW.jpeg",
    "product_item": 48
  }
},
{
  "model": "products.image",
  "pk": 240,
  "fields": {
    "image": "products/images/product_14/image_3OkvViJ.jpeg",
    "product_item": 48
  }
},
{
  "model": "products.image",
  "pk": 241,
  "fields": {
    "image": "products/images/product_14/image_vRaDoia.jpeg",
    "product_item": 48
  }
},
{
  "model": "products.image",
  "pk": 242,
  "fields": {
    "image": "products/images/product_14/image_eEE48dR.jpeg",
    "product_item": 48
  }
},
{
  "model": "products.image",
  "pk": 243,
  "fields": {
    "image": "products/images/product_15/image.jpeg",
    "product_item": 49
  }
},
{
  "model": "products.image",
  "pk": 244,
  "fields": {
    "image": "products/images/product_15/image_ql7PO7r.jpeg",
    "product_item": 49
  }
},
{
  "model": "products.image",
  "pk": 245,
  "fields": {
    "image": "products/images/product_15/image_XXgtFKv.jpeg",
    "product_item": 49
  }
},
{
  "model": "products.image",
  "pk": 246,
  "fields": {
    "image": "products/images/product_15/image_pKF9JZS.jpeg",
    "product_item": 49
  }
},
{
  "model": "products.image",
  "pk": 247,
  "fields": {
    "image": "products/images/product_15/image_sS5kL3p.jpeg",
    "product_item": 49
  }
},
{
  "model": "products.image",
  "pk": 248,
  "fields": {
    "image": "products/images/product_15/image_OtBcUQ1.jpeg",
    "product_item": 49
  }
},
{
  "model": "products.image",
  "pk": 249,
  "fields": {
    "image": "products/images/product_15/image_tkZKATf.jpeg",
    "product_item": 50
  }
},
{
  "model": "products.image",
  "pk": 250,
  "fields": {
    "image": "products/images/product_15/image_h2OPDwd.jpeg",
    "product_item": 50
  }
},
{
  "model": "products.image",
  "pk": 251,
  "fields": {
    "image": "products/images/product_15/image_e0aI6Wa.jpeg",
    "product_item": 50
  }
},
{
  "model": "products.image",
  "pk": 252,
  "fields": {
    "image": "products/images/product_15/image_RHAP641.jpeg",
    "product_item": 50
  }
},
{
  "model": "products.image",
  "pk": 253,
  "fields": {
    "image": "products/images/product_15/image_lXcPAa7.jpeg",
    "product_item": 50
  }
},
{
  "model": "products.image",
  "pk": 254,
  "fields": {
    "image": "products/images/product_15/image_zZwnrdH.jpeg",
    "product_item": 50
  }
},
{
  "model": "products.image",
  "pk": 255,
  "fields": {
    "image": "products/images/product_15/image_s3pVdZA.jpeg",
    "product_item": 51
  }
},
{
  "model": "products.image",
  "pk": 256,
  "fields": {
    "image": "products/images/product_15/image_TP5T6s3.jpeg",
    "product_item": 51
  }
},
{
  "model": "products.image",
  "pk": 257,
  "fields": {
    "image": "products/images/product_15/image_4T94pQB.jpeg",
    "product_item": 51
  }
},
{
  "model": "products.image",
  "pk": 258,
  "fields": {
    "image": "products/images/product_15/image_HBVQHpx.jpeg",
    "product_item": 51
  }
},
{
  "model": "products.image",
  "pk": 259,
  "fields": {
    "image": "products/images/product_15/image_jpMSOG7.jpeg",
    "product_item": 51
  }
},
{
  "model": "products.image",
  "pk": 260,
  "fields": {
    "image": "products/images/product_15/image_fNfa6O6.jpeg",
    "product_item": 51
  }
},
{
  "model": "products.image",
  "pk": 261,
  "fields": {
    "image": "products/images/product_15/image_nhq0oKx.jpeg",
    "product_item": 52
  }
},
{
  "model": "products.image",
  "pk": 262,
  "fields": {
    "image": "products/images/product_15/image_4lg3Owq.jpeg",
    "product_item": 52
  }
},
{
  "model": "products.image",
  "pk": 263,
  "fields": {
    "image": "products/images/product_15/image_XtDzlHs.jpeg",
    "product_item": 52
  }
},
{
  "model": "products.image",
  "pk": 264,
  "fields": {
    "image": "products/images/product_15/image_UMX34X6.jpeg",
    "product_item": 52
  }
},
{
  "model": "products.image",
  "pk": 265,
  "fields": {
    "image": "products/images/product_15/image_xPkxWiJ.jpeg",
    "product_item": 52
  }
},
{
  "model": "products.image",
  "pk": 266,
  "fields": {
    "image": "products/images/product_15/image_UzUQQJW.jpeg",
    "product_item": 52
  }
},
{
  "model": "products.image",
  "pk": 267,
  "fields": {
    "image": "products/images/product_15/image_F5QIhZ5.jpeg",
    "product_item": 53
  }
},
{
  "model": "products.image",
  "pk": 268,
  "fields": {
    "image": "products/images/product_15/image_UCc6O7b.jpeg",
    "product_item": 53
  }
},
{
  "model": "products.image",
  "pk": 269,
  "fields": {
    "image": "products/images/product_15/image_LvFiAoX.jpeg",
    "product_item": 53
  }
},
{
  "model": "products.image",
  "pk": 270,
  "fields": {
    "image": "products/images/product_15/image_qJEzZ7E.jpeg",
    "product_item": 53
  }
},
{
  "model": "products.image",
  "pk": 271,
  "fields": {
    "image": "products/images/product_15/image_zjIDClT.jpeg",
    "product_item": 53
  }
},
{
  "model": "products.image",
  "pk": 272,
  "fields": {
    "image": "products/images/product_15/image_Eh59tR6.jpeg",
    "product_item": 53
  }
},
{
  "model": "products.image",
  "pk": 273,
  "fields": {
    "image": "products/images/product_15/image_8qWYu0W.jpeg",
    "product_item": 54
  }
},
{
  "model": "products.image",
  "pk": 274,
  "fields": {
    "image": "products/images/product_15/image_jOJGwRp.jpeg",
    "product_item": 54
  }
},
{
  "model": "products.image",
  "pk": 275,
  "fields": {
    "image": "products/images/product_15/image_Qn8P33L.jpeg",
    "product_item": 54
  }
},
{
  "model": "products.image",
  "pk": 276,
  "fields": {
    "image": "products/images/product_15/image_92NtxQM.jpeg",
    "product_item": 54
  }
},
{
  "model": "products.image",
  "pk": 277,
  "fields": {
    "image": "products/images/product_15/image_hhg3g64.jpeg",
    "product_item": 54
  }
},
{
  "model": "products.image",
  "pk": 278,
  "fields": {
    "image": "products/images/product_15/image_LLw6Mbm.jpeg",
    "product_item": 54
  }
},
{
  "model": "products.image",
  "pk": 279,
  "fields": {
    "image": "products/images/product_15/image_nbHWN57.jpeg",
    "product_item": 55
  }
},
{
  "model": "products.image",
  "pk": 280,
  "fields": {
    "image": "products/images/product_15/image_CHRD7a8.jpeg",
    "product_item": 55
  }
},
{
  "model": "products.image",
  "pk": 281,
  "fields": {
    "image": "products/images/product_15/image_JyxXyDB.jpeg",
    "product_item": 55
  }
},
{
  "model": "products.image",
  "pk": 282,
  "fields": {
    "image": "products/images/product_15/image_4xPmtE7.jpeg",
    "product_item": 55
  }
},
{
  "model": "products.image",
  "pk": 283,
  "fields": {
    "image": "products/images/product_15/image_Y7Ah6h2.jpeg",
    "product_item": 55
  }
},
{
  "model": "products.image",
  "pk": 284,
  "fields": {
    "image": "products/images/product_15/image_Cj0lsQf.jpeg",
    "product_item": 55
  }
},
{
  "model": "products.image",
  "pk": 285,
  "fields": {
    "image": "products/images/product_15/image_ipNHBEk.jpeg",
    "product_item": 56
  }
},
{
  "model": "products.image",
  "pk": 286,
  "fields": {
    "image": "products/images/product_15/image_897hVub.jpeg",
    "product_item": 56
  }
},
{
  "model": "products.image",
  "pk": 287,
  "fields": {
    "image": "products/images/product_15/image_byly30D.jpeg",
    "product_item": 56
  }
},
{
  "model": "products.image",
  "pk": 288,
  "fields": {
    "image": "products/images/product_15/image_PNKzg7x.jpeg",
    "product_item": 56
  }
},
{
  "model": "products.image",
  "pk": 289,
  "fields": {
    "image": "products/images/product_15/image_ojZkZLS.jpeg",
    "product_item": 56
  }
},
{
  "model": "products.image",
  "pk": 290,
  "fields": {
    "image": "products/images/product_15/image_eMrwFQu.jpeg",
    "product_item": 56
  }
},
{
  "model": "products.image",
  "pk": 291,
  "fields": {
    "image": "products/images/product_16/image.jpeg",
    "product_item": 57
  }
},
{
  "model": "products.image",
  "pk": 292,
  "fields": {
    "image": "products/images/product_16/image_CspOKjv.jpeg",
    "product_item": 57
  }
},
{
  "model": "products.image",
  "pk": 293,
  "fields": {
    "image": "products/images/product_16/image_KyR9v1I.jpeg",
    "product_item": 57
  }
},
{
  "model": "products.image",
  "pk": 294,
  "fields": {
    "image": "products/images/product_16/image_Y0H3iJv.jpeg",
    "product_item": 57
  }
},
{
  "model": "products.image",
  "pk": 295,
  "fields": {
    "image": "products/images/product_16/image_rgDk9RK.jpeg",
    "product_item": 57
  }
},
{
  "model": "products.image",
  "pk": 296,
  "fields": {
    "image": "products/images/product_16/image_Xq7bA3x.jpeg",
    "product_item": 57
  }
},
{
  "model": "products.image",
  "pk": 297,
  "fields": {
    "image": "products/images/product_16/image_lsLIAei.jpeg",
    "product_item": 57
  }
},
{
  "model": "products.image",
  "pk": 298,
  "fields": {
    "image": "products/images/product_16/image_lUKL7fy.jpeg",
    "product_item": 57
  }
},
{
  "model": "products.image",
  "pk": 299,
  "fields": {
    "image": "products/images/product_17/image.jpeg",
    "product_item": 58
  }
},
{
  "model": "products.image",
  "pk": 300,
  "fields": {
    "image": "products/images/product_17/image_AduVQh6.jpeg",
    "product_item": 58
  }
},
{
  "model": "products.image",
  "pk": 301,
  "fields": {
    "image": "products/images/product_17/image_tSdlEWw.jpeg",
    "product_item": 58
  }
},
{
  "model": "products.image",
  "pk": 302,
  "fields": {
    "image": "products/images/product_17/image_2PR0zmU.jpeg",
    "product_item": 58
  }
},
{
  "model": "products.image",
  "pk": 303,
  "fields": {
    "image": "products/images/product_17/image_I6VV46N.jpeg",
    "product_item": 58
  }
},
{
  "model": "products.image",
  "pk": 304,
  "fields": {
    "image": "products/images/product_17/image_FUHnS2L.jpeg",
    "product_item": 58
  }
},
{
  "model": "products.image",
  "pk": 305,
  "fields": {
    "image": "products/images/product_15/image_fCCuG5r.jpeg",
    "product_item": 59
  }
},
{
  "model": "products.image",
  "pk": 306,
  "fields": {
    "image": "products/images/product_15/image_zdDdHs2.jpeg",
    "product_item": 59
  }
},
{
  "model": "products.image",
  "pk": 307,
  "fields": {
    "image": "products/images/product_15/image_dZoKlAx.jpeg",
    "product_item": 59
  }
},
{
  "model": "products.image",
  "pk": 308,
  "fields": {
    "image": "products/images/product_15/image_H7sy6Uo.jpeg",
    "product_item": 59
  }
},
{
  "model": "products.image",
  "pk": 309,
  "fields": {
    "image": "products/images/product_15/image_kHbwoqb.jpeg",
    "product_item": 59
  }
},
{
  "model": "products.image",
  "pk": 310,
  "fields": {
    "image": "products/images/product_15/image_VlHI0An.jpeg",
    "product_item": 59
  }
},
{
  "model": "products.image",
  "pk": 311,
  "fields": {
    "image": "products/images/product_17/image_8ynAegm.jpeg",
    "product_item": 60
  }
},
{
  "model": "products.image",
  "pk": 312,
  "fields": {
    "image": "products/images/product_17/image_tqm01hN.jpeg",
    "product_item": 60
  }
},
{
  "model": "products.image",
  "pk": 313,
  "fields": {
    "image": "products/images/product_17/image_w3iAjOB.jpeg",
    "product_item": 60
  }
},
{
  "model": "products.image",
  "pk": 314,
  "fields": {
    "image": "products/images/product_17/image_bG6C41k.jpeg",
    "product_item": 60
  }
},
{
  "model": "products.image",
  "pk": 315,
  "fields": {
    "image": "products/images/product_17/image_hGFHIoo.jpeg",
    "product_item": 60
  }
},
{
  "model": "products.image",
  "pk": 316,
  "fields": {
    "image": "products/images/product_17/image_sWUmZDd.jpeg",
    "product_item": 60
  }
},
{
  "model": "products.image",
  "pk": 317,
  "fields": {
    "image": "products/images/product_17/image_uSaDWUG.jpeg",
    "product_item": 61
  }
},
{
  "model": "products.image",
  "pk": 318,
  "fields": {
    "image": "products/images/product_17/image_EkCMOVJ.jpeg",
    "product_item": 61
  }
},
{
  "model": "products.image",
  "pk": 319,
  "fields": {
    "image": "products/images/product_17/image_jo7OAIn.jpeg",
    "product_item": 61
  }
},
{
  "model": "products.image",
  "pk": 320,
  "fields": {
    "image": "products/images/product_17/image_IHUkcGl.jpeg",
    "product_item": 61
  }
},
{
  "model": "products.image",
  "pk": 321,
  "fields": {
    "image": "products/images/product_17/image_D6Gr1LG.jpeg",
    "product_item": 61
  }
},
{
  "model": "products.image",
  "pk": 322,
  "fields": {
    "image": "products/images/product_17/image_EbfZpem.jpeg",
    "product_item": 61
  }
},
{
  "model": "products.image",
  "pk": 323,
  "fields": {
    "image": "products/images/product_17/image_bo7bKBh.jpeg",
    "product_item": 62
  }
},
{
  "model": "products.image",
  "pk": 324,
  "fields": {
    "image": "products/images/product_17/image_J2OyWsD.jpeg",
    "product_item": 62
  }
},
{
  "model": "products.image",
  "pk": 325,
  "fields": {
    "image": "products/images/product_17/image_sVmaZcc.jpeg",
    "product_item": 62
  }
},
{
  "model": "products.image",
  "pk": 326,
  "fields": {
    "image": "products/images/product_17/image_mOzDv6x.jpeg",
    "product_item": 62
  }
},
{
  "model": "products.image",
  "pk": 327,
  "fields": {
    "image": "products/images/product_17/image_OltNXdX.jpeg",
    "product_item": 62
  }
},
{
  "model": "products.image",
  "pk": 328,
  "fields": {
    "image": "products/images/product_17/image_VkaXpZ0.jpeg",
    "product_item": 62
  }
},
{
  "model": "products.image",
  "pk": 329,
  "fields": {
    "image": "products/images/product_17/image_HotpiYe.jpeg",
    "product_item": 63
  }
},
{
  "model": "products.image",
  "pk": 330,
  "fields": {
    "image": "products/images/product_17/image_FnFsrGz.jpeg",
    "product_item": 63
  }
},
{
  "model": "products.image",
  "pk": 331,
  "fields": {
    "image": "products/images/product_17/image_g2pTiUZ.jpeg",
    "product_item": 63
  }
},
{
  "model": "products.image",
  "pk": 332,
  "fields": {
    "image": "products/images/product_17/image_51TWvKD.jpeg",
    "product_item": 63
  }
},
{
  "model": "products.image",
  "pk": 333,
  "fields": {
    "image": "products/images/product_17/image_dGnliRR.jpeg",
    "product_item": 63
  }
},
{
  "model": "products.image",
  "pk": 334,
  "fields": {
    "image": "products/images/product_17/image_TvmwCo0.jpeg",
    "product_item": 63
  }
},
{
  "model": "products.image",
  "pk": 335,
  "fields": {
    "image": "products/images/product_17/image_gpnY9fT.jpeg",
    "product_item": 64
  }
},
{
  "model": "products.image",
  "pk": 336,
  "fields": {
    "image": "products/images/product_17/image_Q2TZtMS.jpeg",
    "product_item": 64
  }
},
{
  "model": "products.image",
  "pk": 337,
  "fields": {
    "image": "products/images/product_17/image_b6RLetE.jpeg",
    "product_item": 64
  }
},
{
  "model": "products.image",
  "pk": 338,
  "fields": {
    "image": "products/images/product_17/image_Mnckmsd.jpeg",
    "product_item": 64
  }
},
{
  "model": "products.image",
  "pk": 339,
  "fields": {
    "image": "products/images/product_17/image_RMa82pj.jpeg",
    "product_item": 64
  }
},
{
  "model": "products.image",
  "pk": 340,
  "fields": {
    "image": "products/images/product_17/image_omPdpek.jpeg",
    "product_item": 64
  }
},
{
  "model": "products.size",
  "pk": 1,
  "fields": {
    "name": "S",
    "category": 22
  }
},
{
  "model": "products.size",
  "pk": 2,
  "fields": {
    "name": "XL",
    "category": 22
  }
},
{
  "model": "products.size",
  "pk": 3,
  "fields": {
    "name": "L",
    "category": 22
  }
},
{
  "model": "products.size",
  "pk": 4,
  "fields": {
    "name": "L",
    "category": 25
  }
},
{
  "model": "products.size",
  "pk": 5,
  "fields": {
    "name": "L",
    "category": 26
  }
},
{
  "model": "products.size",
  "pk": 6,
  "fields": {
    "name": "L",
    "category": 30
  }
},
{
  "model": "products.size",
  "pk": 7,
  "fields": {
    "name": "XL",
    "category": 30
  }
},
{
  "model": "products.size",
  "pk": 8,
  "fields": {
    "name": "S",
    "category": 30
  }
},
{
  "model": "products.size",
  "pk": 9,
  "fields": {
    "name": "XS",
    "category": 30
  }
},
{
  "model": "products.size",
  "pk": 10,
  "fields": {
    "name": "L",
    "category": 35
  }
},
{
  "model": "products.size",
  "pk": 11,
  "fields": {
    "name": "XXL",
    "category": 35
  }
},
{
  "model": "products.size",
  "pk": 12,
  "fields": {
    "name": "S",
    "category": 35
  }
},
{
  "model": "products.size",
  "pk": 13,
  "fields": {
    "name": "M",
    "category": 35
  }
},
{
  "model": "products.size",
  "pk": 14,
  "fields": {
    "name": "L",
    "category": 37
  }
},
{
  "model": "products.size",
  "pk": 15,
  "fields": {
    "name": "L",
    "category": 40
  }
},
{
  "model": "products.colour",
  "pk": 3,
  "fields": {
    "name": "black"
  }
},
{
  "model": "products.colour",
  "pk": 4,
  "fields": {
    "name": "Light Blue"
  }
},
{
  "model": "products.colour",
  "pk": 5,
  "fields": {
    "name": "White"
  }
},
{
  "model": "products.colour",
  "pk": 6,
  "fields": {
    "name": "Black"
  }
},
{
  "model": "products.colour",
  "pk": 7,
  "fields": {
    "name": "Blue"
  }
},
{
  "model": "products.colour",
  "pk": 8,
  "fields": {
    "name": "Purple"
  }
},
{
  "model": "products.colour",
  "pk": 9,
  "fields": {
    "name": "Pink"
  }
},
{
  "model": "products.colour",
  "pk": 10,
  "fields": {
    "name": "ocean blue"
  }
},
{
  "model": "products.colour",
  "pk": 11,
  "fields": {
    "name": "Gradient/Gold"
  }
},
{
  "model": "products.colour",
  "pk": 12,
  "fields": {
    "name": "Gold&gradient Blue Lens"
  }
},
{
  "model": "products.colour",
  "pk": 13,
  "fields": {
    "name": "Grey Frame Mirrored Blue Lens"
  }
},
{
  "model": "products.colour",
  "pk": 14,
  "fields": {
    "name": "Gold&mirrored Blue Lens"
  }
},
{
  "model": "products.colour",
  "pk": 15,
  "fields": {
    "name": "Gold&transparent Lens"
  }
},
{
  "model": "products.colour",
  "pk": 16,
  "fields": {
    "name": "Pack/Brown Lens+gradient Pink Lenss"
  }
},
{
  "model": "products.colour",
  "pk": 17,
  "fields": {
    "name": "Gold&grandient Purple Lens"
  }
},
{
  "model": "products.colour",
  "pk": 18,
  "fields": {
    "name": "Gold&mirrored Gold Lens"
  }
},
{
  "model": "products.colour",
  "pk": 19,
  "fields": {
    "name": "Milky Chocolate Brown"
  }
},
{
  "model": "products.colour",
  "pk": 20,
  "fields": {
    "name": "Dark Grey"
  }
},
{
  "model": "products.colour",
  "pk": 21,
  "fields": {
    "name": "Green"
  }
},
{
  "model": "products.colour",
  "pk": 22,
  "fields": {
    "name": "Royal Blue"
  }
},
{
  "model": "products.colour",
  "pk": 23,
  "fields": {
    "name": "Coffee"
  }
},
{
  "model": "products.colour",
  "pk": 24,
  "fields": {
    "name": "Red"
  }
},
{
  "model": "products.colour",
  "pk": 25,
  "fields": {
    "name": "black&white stripe"
  }
},
{
  "model": "products.colour",
  "pk": 26,
  "fields": {
    "name": "Khaki"
  }
},
{
  "model": "products.colour",
  "pk": 27,
  "fields": {
    "name": "Rust"
  }
},
{
  "model": "products.colour",
  "pk": 28,
  "fields": {
    "name": "Army Green"
  }
},
{
  "model": "products.colour",
  "pk": 29,
  "fields": {
    "name": "Apricot"
  }
},
{
  "model": "products.colour",
  "pk": 30,
  "fields": {
    "name": "Brown"
  }
},
{
  "model": "products.colour",
  "pk": 31,
  "fields": {
    "name": "Ash Grey"
  }
},
{
  "model": "products.colour",
  "pk": 32,
  "fields": {
    "name": "solid black"
  }
},
{
  "model": "products.colour",
  "pk": 33,
  "fields": {
    "name": "Navy"
  }
},
{
  "model": "products.colour",
  "pk": 34,
  "fields": {
    "name": "Black,white"
  }
},
{
  "model": "products.colour",
  "pk": 35,
  "fields": {
    "name": "Grey Stripes"
  }
},
{
  "model": "products.colour",
  "pk": 36,
  "fields": {
    "name": "Light Grey"
  }
},
{
  "model": "products.colour",
  "pk": 37,
  "fields": {
    "name": "Dark Gray"
  }
},
{
  "model": "products.colour",
  "pk": 38,
  "fields": {
    "name": "Gold/Grey"
  }
},
{
  "model": "products.colour",
  "pk": 39,
  "fields": {
    "name": "Shiny Gold/Brown"
  }
},
{
  "model": "products.colour",
  "pk": 40,
  "fields": {
    "name": "Shiny Black/Grey"
  }
},
{
  "model": "products.colour",
  "pk": 41,
  "fields": {
    "name": "Light Gold/Light Brown"
  }
},
{
  "model": "products.colour",
  "pk": 42,
  "fields": {
    "name": "Matte Green/Grey"
  }
},
{
  "model": "products.productvariation",
  "pk": 6,
  "fields": {
    "size": null,
    "colour": 3,
    "product_item": 10
  }
},
{
  "model": "products.productvariation",
  "pk": 7,
  "fields": {
    "size": null,
    "colour": 4,
    "product_item": 11
  }
},
{
  "model": "products.productvariation",
  "pk": 8,
  "fields": {
    "size": null,
    "colour": 5,
    "product_item": 12
  }
},
{
  "model": "products.productvariation",
  "pk": 9,
  "fields": {
    "size": null,
    "colour": 6,
    "product_item": 13
  }
},
{
  "model": "products.productvariation",
  "pk": 10,
  "fields": {
    "size": null,
    "colour": 7,
    "product_item": 14
  }
},
{
  "model": "products.productvariation",
  "pk": 11,
  "fields": {
    "size": null,
    "colour": 7,
    "product_item": 15
  }
},
{
  "model": "products.productvariation",
  "pk": 12,
  "fields": {
    "size": null,
    "colour": 8,
    "product_item": 16
  }
},
{
  "model": "products.productvariation",
  "pk": 13,
  "fields": {
    "size": null,
    "colour": 9,
    "product_item": 17
  }
},
{
  "model": "products.productvariation",
  "pk": 14,
  "fields": {
    "size": null,
    "colour": 5,
    "product_item": 18
  }
},
{
  "model": "products.productvariation",
  "pk": 15,
  "fields": {
    "size": null,
    "colour": 10,
    "product_item": 19
  }
},
{
  "model": "products.productvariation",
  "pk": 16,
  "fields": {
    "size": null,
    "colour": 7,
    "product_item": 20
  }
},
{
  "model": "products.productvariation",
  "pk": 17,
  "fields": {
    "size": null,
    "colour": 8,
    "product_item": 21
  }
},
{
  "model": "products.productvariation",
  "pk": 18,
  "fields": {
    "size": null,
    "colour": 9,
    "product_item": 22
  }
},
{
  "model": "products.productvariation",
  "pk": 19,
  "fields": {
    "size": null,
    "colour": 11,
    "product_item": 23
  }
},
{
  "model": "products.productvariation",
  "pk": 20,
  "fields": {
    "size": null,
    "colour": 12,
    "product_item": 24
  }
},
{
  "model": "products.productvariation",
  "pk": 21,
  "fields": {
    "size": null,
    "colour": 13,
    "product_item": 25
  }
},
{
  "model": "products.productvariation",
  "pk": 22,
  "fields": {
    "size": null,
    "colour": 14,
    "product_item": 26
  }
},
{
  "model": "products.productvariation",
  "pk": 23,
  "fields": {
    "size": null,
    "colour": 15,
    "product_item": 27
  }
},
{
  "model": "products.productvariation",
  "pk": 24,
  "fields": {
    "size": null,
    "colour": 16,
    "product_item": 28
  }
},
{
  "model": "products.productvariation",
  "pk": 25,
  "fields": {
    "size": null,
    "colour": 17,
    "product_item": 29
  }
},
{
  "model": "products.productvariation",
  "pk": 26,
  "fields": {
    "size": null,
    "colour": 18,
    "product_item": 30
  }
},
{
  "model": "products.productvariation",
  "pk": 27,
  "fields": {
    "size": null,
    "colour": 19,
    "product_item": 31
  }
},
{
  "model": "products.productvariation",
  "pk": 28,
  "fields": {
    "size": 1,
    "colour": 20,
    "product_item": 32
  }
},
{
  "model": "products.productvariation",
  "pk": 29,
  "fields": {
    "size": 2,
    "colour": 21,
    "product_item": 33
  }
},
{
  "model": "products.productvariation",
  "pk": 30,
  "fields": {
    "size": 3,
    "colour": 22,
    "product_item": 34
  }
},
{
  "model": "products.productvariation",
  "pk": 31,
  "fields": {
    "size": 1,
    "colour": 6,
    "product_item": 35
  }
},
{
  "model": "products.productvariation",
  "pk": 32,
  "fields": {
    "size": 2,
    "colour": 23,
    "product_item": 36
  }
},
{
  "model": "products.productvariation",
  "pk": 33,
  "fields": {
    "size": 2,
    "colour": 24,
    "product_item": 37
  }
},
{
  "model": "products.productvariation",
  "pk": 34,
  "fields": {
    "size": 4,
    "colour": 19,
    "product_item": 38
  }
},
{
  "model": "products.productvariation",
  "pk": 35,
  "fields": {
    "size": 5,
    "colour": 19,
    "product_item": 39
  }
},
{
  "model": "products.productvariation",
  "pk": 36,
  "fields": {
    "size": 6,
    "colour": 25,
    "product_item": 40
  }
},
{
  "model": "products.productvariation",
  "pk": 37,
  "fields": {
    "size": 2,
    "colour": 26,
    "product_item": 41
  }
},
{
  "model": "products.productvariation",
  "pk": 38,
  "fields": {
    "size": 7,
    "colour": 26,
    "product_item": 42
  }
},
{
  "model": "products.productvariation",
  "pk": 39,
  "fields": {
    "size": 8,
    "colour": 7,
    "product_item": 43
  }
},
{
  "model": "products.productvariation",
  "pk": 40,
  "fields": {
    "size": 9,
    "colour": 27,
    "product_item": 44
  }
},
{
  "model": "products.productvariation",
  "pk": 41,
  "fields": {
    "size": 8,
    "colour": 28,
    "product_item": 45
  }
},
{
  "model": "products.productvariation",
  "pk": 42,
  "fields": {
    "size": 7,
    "colour": 29,
    "product_item": 46
  }
},
{
  "model": "products.productvariation",
  "pk": 43,
  "fields": {
    "size": 7,
    "colour": 30,
    "product_item": 47
  }
},
{
  "model": "products.productvariation",
  "pk": 44,
  "fields": {
    "size": null,
    "colour": 3,
    "product_item": 48
  }
},
{
  "model": "products.productvariation",
  "pk": 45,
  "fields": {
    "size": 10,
    "colour": 31,
    "product_item": 49
  }
},
{
  "model": "products.productvariation",
  "pk": 46,
  "fields": {
    "size": 11,
    "colour": 32,
    "product_item": 50
  }
},
{
  "model": "products.productvariation",
  "pk": 47,
  "fields": {
    "size": 12,
    "colour": 33,
    "product_item": 51
  }
},
{
  "model": "products.productvariation",
  "pk": 48,
  "fields": {
    "size": 12,
    "colour": 34,
    "product_item": 52
  }
},
{
  "model": "products.productvariation",
  "pk": 49,
  "fields": {
    "size": 12,
    "colour": 35,
    "product_item": 53
  }
},
{
  "model": "products.productvariation",
  "pk": 50,
  "fields": {
    "size": 12,
    "colour": 36,
    "product_item": 54
  }
},
{
  "model": "products.productvariation",
  "pk": 51,
  "fields": {
    "size": 13,
    "colour": 37,
    "product_item": 55
  }
},
{
  "model": "products.productvariation",
  "pk": 52,
  "fields": {
    "size": 13,
    "colour": 6,
    "product_item": 56
  }
},
{
  "model": "products.productvariation",
  "pk": 53,
  "fields": {
    "size": 14,
    "colour": 31,
    "product_item": 57
  }
},
{
  "model": "products.productvariation",
  "pk": 54,
  "fields": {
    "size": 15,
    "colour": 31,
    "product_item": 58
  }
},
{
  "model": "products.productvariation",
  "pk": 55,
  "fields": {
    "size": null,
    "colour": 38,
    "product_item": 59
  }
},
{
  "model": "products.productvariation",
  "pk": 56,
  "fields": {
    "size": null,
    "colour": 38,
    "product_item": 60
  }
},
{
  "model": "products.productvariation",
  "pk": 57,
  "fields": {
    "size": null,
    "colour": 39,
    "product_item": 61
  }
},
{
  "model": "products.productvariation",
  "pk": 58,
  "fields": {
    "size": null,
    "colour": 40,
    "product_item": 62
  }
},
{
  "model": "products.productvariation",
  "pk": 59,
  "fields": {
    "size": null,
    "colour": 41,
    "product_item": 63
  }
},
{
  "model": "products.productvariation",
  "pk": 60,
  "fields": {
    "size": null,
    "colour": 42,
    "product_item": 64
  }
}
]
